"","words","value"
"1","abbau",-0.058
"2","abbauen",-0.0578
"3","abbrechen",-0.3482
"4","abbruch",-0.0048
"5","abdämpfen",-0.0048
"6","abdämpfung",-0.0048
"7","abdanken",-0.0048
"8","abdankung",-0.0048
"9","abfall",-0.0048
"10","abfallen",-0.0048
"11","abfällig",-0.3197
"12","abfuhr",-0.3367
"13","abführen",-0.3358
"14","abgebrochen",-0.0048
"15","abgedroschen",-0.1839
"16","abgesichert",0.004
"17","abgestanden",-0.0368
"18","abgetakelt",-0.0048
"19","abgleiten",-0.0397
"20","abgrund",-0.3465
"21","abgründig",-0.1719
"22","abhängig",-0.0048
"23","abhängigkeit",-0.3653
"24","ablaufen",-0.0048
"25","ablehnen",-0.6458
"26","ablehnung",-0.5118
"27","ablenken",-0.042
"28","ablenkung",-0.0435
"29","abmachen",0.004
"30","abmachung",0.004
"31","abnahme",-0.0048
"32","abnehmen",-0.0292
"33","abneigung",-0.0048
"34","abnutzen",-0.0417
"35","abnutzung",-0.0048
"36","abraten",-0.3353
"37","abreißen",-0.3116
"38","abriss",-0.0048
"39","abrupt",-0.0048
"40","abrutsch",-0.0048
"41","abrutschen",-0.0048
"42","abschaffen",-0.0048
"43","abschaffung",-0.058
"44","abschätzig",-0.0048
"45","abschießen",-0.0048
"46","abschließen",0.004
"47","abschluß",0.004
"48","abschrecken",-0.178
"49","abschreckend",-0.049
"50","abschreckung",-0.0048
"51","abschreiben",-0.1847
"52","abschreibung",-0.3345
"53","abschuss",-0.0048
"54","abschuß",-0.0048
"55","abschwächen",-0.0048
"56","abschwächung",-0.1935
"57","absenken",-0.0048
"58","absenkung",-0.3434
"59","absinken",-0.3269
"60","absolut",0.2418
"61","abspalten",-0.3099
"62","abspaltung",-0.0048
"63","absperren",-0.0048
"64","absperrung",-0.0048
"65","absteigen",-0.4776
"66","abstieg",-0.3215
"67","abstimmen",0.004
"68","abstimmung",0.004
"69","abstoß",-0.0048
"70","abstoßen",-0.1796
"71","abstoßend",-0.5859
"72","abstrich",-0.3201
"73","abstumpfen",-0.0048
"74","abstumpfung",-0.0048
"75","absturz",-0.4739
"76","abstürzen",-0.4697
"77","absurd",-0.212
"78","absurdität",-0.0048
"79","abtragen",-0.0048
"80","abwärtstrend",-0.1941
"81","abwechslungsreich",0.5797
"82","abweichen",-0.3422
"83","abweichung",-0.3462
"84","abweisen",-0.0048
"85","abweisung",-0.0048
"86","abwerten",-0.4521
"87","abwertung",-0.3283
"88","abzocke",-0.0048
"89","achtlos",-0.0048
"90","achtlosigkeit",-0.0048
"91","addieren",0.004
"92","adrett",0.1987
"93","affäre",-0.1794
"94","aggression",-0.4889
"95","aggressiv",-0.4484
"96","aggressivität",-0.1958
"97","aggressor",-0.3155
"98","agil",0.1959
"99","agilität",0.004
"100","agitation",-0.0048
"101","akkurat",0.004
"102","aktiv",0.0911
"103","aktivität",0.004
"104","aktualisieren",0.004
"105","aktualisierung",0.004
"106","aktualität",0.004
"107","aktuell",0.004
"108","akzeptabel",0.004
"109","akzeptanz",0.004
"110","akzeptieren",0.004
"111","alarm",-0.0048
"112","alarmieren",-0.0048
"113","albtraum",-0.0048
"114","alkoholisiert",-0.0048
"115","allerbeste",0.004
"116","allererste",0.004
"117","allgemeingültig",0.004
"118","allumfassend",0.004
"119","alptraum",-0.0048
"120","alt",-0.0048
"121","altmodisch",-0.0382
"122","amateur",-0.0048
"123","amateurhaft",-0.4485
"124","ambivalent",-0.4628
"125","ambivalenz",-0.3266
"126","anbieten",0.004
"127","andrang",0.004
"128","androhen",-0.0048
"129","androhung",-0.0048
"130","anerkannt",0.0785
"131","anerkennen",0.004
"132","anerkennenswert",0.004
"133","anerkennung",0.0855
"134","anfällig",-0.1884
"135","anfälligkeit",-0.0048
"136","angebot",0.0711
"137","angemessen",0.004
"138","angemessenheit",0.004
"139","angenehm",0.4887
"140","angesehen",0.004
"141","angespannt",-0.4744
"142","angestrengt",-0.0415
"143","angetrunken",-0.0048
"144","angreifen",-0.0464
"145","angreifer",-0.0048
"146","angriff",-0.212
"147","angst",-0.514
"148","ängstigen",-0.3193
"149","ängstlich",-0.4735
"150","anheben",0.004
"151","anhebung",0.004
"152","anheitern",0.004
"153","anheiterung",0.004
"154","anklage",-0.3468
"155","anklagen",-0.0048
"156","ankurbeln",0.004
"157","ankurbelung",0.004
"158","anlocken",0.004
"159","anmaßen",-0.0048
"160","anmaßung",-0.0048
"161","annähern",0.004
"162","annäherung",0.004
"163","annehmbar",0.004
"164","annehmlichkeit",0.004
"165","annullieren",-0.3149
"166","annullierung",-0.0048
"167","anomalie",-0.0048
"168","anpassen",0.004
"169","anpassung",0.004
"170","anpassungsfähig",0.0799
"171","anpassungsfähigkeit",0.004
"172","anreichern",0.004
"173","anreicherung",0.004
"174","anschießen",-0.0048
"175","ansehnlich",0.0931
"176","anspannen",-0.0444
"177","anspannung",-0.0048
"178","ansprechend",0.3382
"179","anspruch",0.004
"180","anspruchsvoll",0.2216
"181","anstand",0.004
"182","anständig",0.0977
"183","anständigkeit",0.004
"184","ansteigen",0.004
"185","anstieg",0.004
"186","anstößig",-0.0048
"187","anstrengen",-0.0048
"188","anstrengend",-0.0048
"189","anstrengung",-0.0048
"190","anteil",0.004
"191","anteilig",0.004
"192","antipathie",-0.0048
"193","antiquiert",-0.0048
"194","anvertrauen",0.004
"195","anziehen",0.004
"196","anziehung",0.004
"197","anzünden",-0.3333
"198","apathisch",-0.3252
"199","apokalyptisch",-0.0048
"200","applaudieren",0.004
"201","applaus",0.0871
"202","arbeitslos",-0.3426
"203","arbeitslose",-0.3549
"204","arbeitslosigkeit",-0.3654
"205","archaisch",-0.0048
"206","ärger",-0.3465
"207","ärgerlich",-0.3111
"208","ärgern",-0.0048
"209","ärgernis",-0.3357
"210","arm",-0.4546
"211","armselig",-0.1814
"212","armut",-0.2038
"213","arrogant",-0.4659
"214","arroganz",-0.3289
"215","arschloch",-0.1901
"216","artig",0.225
"217","ästhetisch",0.2038
"218","atemberaubend",0.3261
"219","attacke",-0.47
"220","attackieren",-0.0048
"221","attraktiv",0.2162
"222","attraktivität",0.004
"223","aufbereiten",0.004
"224","aufbereitung",0.004
"225","aufbessern",0.004
"226","aufbesserung",0.004
"227","aufblähen",-0.0048
"228","aufblasen",-0.0048
"229","aufblühen",0.0845
"230","aufbringen",-0.0048
"231","auferstehen",0.004
"232","auferstehung",0.004
"233","auffallen",-0.3386
"234","aufgeben",-0.2098
"235","aufgebracht",-0.0048
"236","aufgeregt",-0.0048
"237","aufhebung",-0.0048
"238","aufhören",-0.0142
"239","auflösen",-0.0412
"240","auflösung",-0.0048
"241","aufmerksam",0.004
"242","aufmerksamkeit",0.004
"243","aufmuntern",0.004
"244","aufmunternd",0.004
"245","aufmunterung",0.004
"246","aufrecht",0.004
"247","aufregen",-0.0048
"248","aufregung",-0.0386
"249","aufreibend",-0.0048
"250","aufrichtig",0.004
"251","aufrichtigkeit",0.004
"252","aufruhr",-0.0048
"253","aufrühren",-0.0256
"254","aufschlagen",-0.04
"255","aufschrei",-0.0048
"256","aufschreien",-0.043
"257","aufschwingen",0.004
"258","aufschwung",0.004
"259","aufstand",-0.0048
"260","aufsteigen",0.004
"261","aufstieg",0.004
"262","aufstocken",0.004
"263","aufstockung",0.004
"264","auftrag",0.004
"265","auftreiben",0.004
"266","auftrieb",0.004
"267","aufwärts",0.004
"268","aufwärtstrend",0.004
"269","aufwendig",0.004
"270","aufwerten",0.004
"271","aufwertung",0.004
"272","aufwühlen",-0.0398
"273","augenweide",0.0844
"274","ausbau",0.004
"275","ausbauen",0.004
"276","ausbeute",-0.1894
"277","ausbeuten",-0.3215
"278","ausbeuter",-0.0048
"279","ausbeutung",-0.0048
"280","ausbilden",0.004
"281","ausbildung",0.004
"282","ausbrechen",-0.1819
"283","ausbruch",-0.0048
"284","ausdauer",0.0886
"285","ausdauern",0.004
"286","auseinanderfallen",-0.0048
"287","auseinandersetzen",-0.0584
"288","auseinandersetzung",-0.0603
"289","ausfall",-0.2164
"290","ausfallen",-0.3481
"291","ausführlich",0.004
"292","ausgeflippt",0.0756
"293","ausgeglichen",0.0987
"294","ausgehungert",-0.0048
"295","ausgestorben",-0.0389
"296","ausgewählt",0.004
"297","ausgeweitet",0.004
"298","ausgewogen",0.206
"299","ausgezeichnet",0.3146
"300","ausgleich",0.004
"301","ausgleichen",0.004
"302","ausgleichszahlung",0.004
"303","ausgleiten",-0.0048
"304","ausgrenzen",-0.0048
"305","ausgrenzung",-0.626
"306","auskommen",0.004
"307","auskurieren",0.004
"308","auslöschung",-0.0048
"309","ausradieren",-0.0048
"310","ausreichen",0.004
"311","ausreichend",0.004
"312","ausrotten",-0.0048
"313","ausrottung",-0.0048
"314","ausschalten",-0.0048
"315","ausschließen",-0.4935
"316","ausschließung",-0.0048
"317","außergewöhnlich",0.3395
"318","außerordentlich",0.1137
"319","aussetzen",-0.3413
"320","aussetzung",-0.0048
"321","aussichtslos",-0.183
"322","aussichtsreich",0.004
"323","aussterben",-0.0048
"324","ausweiten",0.004
"325","auszeichnen",0.004
"326","auszeichnung",0.004
"327","authentisch",0.1885
"328","authentizität",0.004
"329","autonom",0.004
"330","autonomie",0.004
"331","bahnbrechend",0.004
"332","banal",-0.3166
"333","banalität",-0.0048
"334","bankrott",-0.0048
"335","barbarisch",-0.3176
"336","bärenstark",0.004
"337","barmherzig",0.0744
"338","barriere",-0.0048
"339","beachtenswert",0.004
"340","beachtlich",0.004
"341","beängstigend",-0.0367
"342","beanstandet",-0.333
"343","beauftragen",0.004
"344","bedarfsgerecht",0.004
"345","bedarfsorientiert",0.004
"346","bedarft",0.004
"347","bedauerlich",-0.0551
"348","bedauern",-0.0574
"349","bedauernswert",-0.0048
"350","bedenken",0.004
"351","bedenklich",-0.7701
"352","bedeppert",-0.0048
"353","bedeuten",0.004
"354","bedeutend",0.004
"355","bedeutsam",0.004
"356","bedeutung",0.004
"357","bedeutungslos",-0.6046
"358","bedeutungslosigkeit",-0.0048
"359","bedrängen",-0.0048
"360","bedrängung",-0.0048
"361","bedrohen",-0.3408
"362","bedrohlich",-0.4726
"363","bedrohung",-0.0048
"364","bedrücken",-0.3123
"365","bedrückt",-0.0494
"366","bedrückung",-0.0435
"367","bedürftig",-0.0048
"368","bedürftige",-0.0048
"369","beeindrucken",0.2126
"370","beeindruckend",0.3408
"371","beeinträchtigen",-0.4979
"372","beeinträchtigung",-0.3472
"373","beenden",-0.0603
"374","befall",-0.0048
"375","befallen",-0.334
"376","befangen",-0.3253
"377","befangenheit",-0.0048
"378","befördern",0.004
"379","beförderung",0.004
"380","befreien",0.004
"381","befreiung",0.004
"382","befremdlich",-0.0048
"383","befriedigen",0.0809
"384","befriedigend",0.2152
"385","befriedigung",0.004
"386","befürchten",-0.3602
"387","befürchtung",-0.4903
"388","begehrt",0.004
"389","begeistern",0.4324
"390","begeisterung",0.32
"391","beglückend",0.004
"392","begnadet",0.004
"393","begnadigen",0.004
"394","begnadigung",0.004
"395","begrenzen",-0.0048
"396","begrenzt",-0.0048
"397","begrenzung",-0.0048
"398","begriffsstutzig",-0.0048
"399","begünstigen",0.004
"400","begünstigung",0.004
"401","behaglich",0.2007
"402","behämmert",-0.0376
"403","beheben",0.004
"404","beheizbar",0.004
"405","beherrscht",0.4635
"406","behindern",-0.7748
"407","behinderung",-0.3578
"408","behütet",0.004
"409","behutsam",0.004
"410","beifall",0.3265
"411","beifallsruf",0.004
"412","beilegen",0.004
"413","beilegung",0.004
"414","beispielhaft",0.004
"415","beisteuern",0.004
"416","beisteuerung",0.004
"417","beitragen",0.004
"418","beitreten",0.004
"419","beitritt",0.004
"420","bejubelt",0.004
"421","bekannt",0.004
"422","bekennend",0.004
"423","beklagen",-0.4967
"424","beklagenswert",-0.0048
"425","bekloppt",-0.0048
"426","beknackt",-0.0358
"427","bekräftigen",0.004
"428","bekräftigung",0.004
"429","bekümmert",-0.4503
"430","belanglos",-0.3306
"431","belastbar",0.004
"432","belastbarkeit",0.004
"433","belasten",-0.5078
"434","belästigen",-0.0048
"435","belästigung",-0.0048
"436","belastung",-0.3711
"437","beleben",0.004
"438","belebtheit",0.004
"439","belehrbar",0.004
"440","beleidigen",-0.6076
"441","beleidigend",-0.4636
"442","beleidigt",-0.4848
"443","beleidigung",-0.3432
"444","beliebt",0.2172
"445","beliebtheit",0.004
"446","belohnen",0.0893
"447","belohnung",0.0813
"448","bemerkenswert",0.4515
"449","benefiz",0.004
"450","beneidenswert",0.004
"451","bequem",0.2344
"452","berauben",-0.0048
"453","berauschend",0.0809
"454","bereichern",0.0718
"455","bereicherung",0.004
"456","bereit",0.004
"457","bereitschaft",0.004
"458","bereitstellen",0.004
"459","bereitstellung",0.004
"460","bergab",-0.0048
"461","beruhigen",0.004
"462","beruhigend",0.2133
"463","beruhigung",0.004
"464","berühmt",0.3267
"465","beschädigen",-0.335
"466","beschädigung",-0.0048
"467","beschäftigungslos",-0.0048
"468","beschäftigungslose",-0.0048
"469","beschäftigungsloser",-0.0048
"470","beschämen",-0.0048
"471","beschämung",-0.0048
"472","bescheiden",0.0956
"473","bescheidenheit",0.0852
"474","bescheuert",-0.0048
"475","beschissen",-0.2947
"476","beschleunigen",0.004
"477","beschleunigung",0.004
"478","beschneiden",-0.3293
"479","beschneidung",-0.3313
"480","beschränken",-0.0048
"481","beschränkt",-0.0048
"482","beschränkung",-0.3518
"483","beschruppt",-0.0048
"484","beschuldigen",-0.3264
"485","beschuldigung",-0.3209
"486","beschwerde",-0.0048
"487","beschweren",-0.0413
"488","beschwerlich",-0.0491
"489","beschwerlichkeit",-0.0048
"490","beschwichtigen",0.004
"491","beschwichtigung",0.004
"492","beseitigen",-0.0048
"493","beseitigung",-0.0048
"494","besitz",0.004
"495","besitzen",0.004
"496","besondere",0.004
"497","besonders",0.5391
"498","besonnen",0.004
"499","besorgnis",-0.0048
"500","besorgniserregend",-0.3281
"501","besorgt",-0.0482
"502","besser",0.004
"503","bessern",0.004
"504","besserung",0.004
"505","bestätigen",0.0854
"506","bestätigung",0.004
"507","bestechen",-0.0048
"508","bestechung",-0.0048
"509","bestehen",0.004
"510","bestens",0.0808
"511","besteuern",-0.0048
"512","besteuerung",-0.0048
"513","bestmöglich",0.004
"514","bestrafen",-0.4811
"515","bestrafung",-0.0048
"516","bestürzt",-0.0048
"517","bestürzung",-0.0048
"518","betäuben",-0.0048
"519","beteiligen",0.004
"520","beteiligung",0.004
"521","beträchtlich",0.004
"522","betrug",-0.4913
"523","betrügen",-0.743
"524","betrüger",-0.3311
"525","betrügerisch",-0.3163
"526","betrunken",-0.172
"527","beule",-0.0048
"528","beunruhigen",-0.3221
"529","beunruhigend",-0.3264
"530","beunruhigt",-0.4795
"531","beunruhigung",-0.324
"532","bevormunden",-0.0048
"533","bevormundung",-0.0048
"534","bevorzugt",0.004
"535","bewährt",0.465
"536","bewegend",0.004
"537","bewegungslos",-0.0048
"538","bewirken",0.004
"539","bewunderer",0.004
"540","bewundern",0.004
"541","bewundernswert",0.0823
"542","bewundert",0.004
"543","bewunderung",0.004
"544","bezaubernd",0.3081
"545","bildung",0.004
"546","billig",-0.2842
"547","bitter",-0.3394
"548","bitterkeit",-0.0048
"549","bizarr",-0.0486
"550","blauäugig",-0.0445
"551","blendend",0.3096
"552","blind",-0.1978
"553","blindheit",-0.0048
"554","blockade",-0.0048
"555","blockieren",-0.3459
"556","blockierung",-0.0048
"557","blöd",-0.1593
"558","blöde",-0.3145
"559","blödheit",-0.0048
"560","blühen",0.2028
"561","blüte",0.004
"562","blutig",-0.0491
"563","bombardement",-0.0048
"564","bombardieren",-0.0048
"565","bombardierung",-0.0048
"566","bombastisch",0.2053
"567","bombe",-0.0048
"568","bombig",0.0837
"569","bonität",0.004
"570","bonus",0.004
"571","boom",0.004
"572","boomen",0.004
"573","borniert",-0.0048
"574","bösartig",-0.4715
"575","bösartigkeit",-0.3189
"576","böse",-0.4183
"577","bösewicht",-0.0048
"578","boshaft",-0.3187
"579","bosheit",-0.3371
"580","brand",-0.0048
"581","brandneu",0.004
"582","bravourös",0.004
"583","brechen",-0.7991
"584","breitgefächert",0.004
"585","brennen",-0.0048
"586","brillant",0.3064
"587","brillanz",0.004
"588","brilliant",0.183
"589","brillieren",0.004
"590","brisant",-0.0048
"591","bruch",-0.3463
"592","brüchig",-0.3331
"593","brüderlich",0.004
"594","brüderlichkeit",0.004
"595","brutal",-0.0048
"596","brutalität",-0.0048
"597","bund",0.004
"598","bündnis",0.004
"599","bunt",0.3507
"600","bürde",-0.0524
"601","bußgeld",-0.3377
"602","champion",0.004
"603","chaos",-0.3489
"604","chaotisch",-0.0426
"605","charakterschwach",-0.0048
"606","charakterstark",0.004
"607","charisma",0.004
"608","charismatisch",0.004
"609","charmant",0.3223
"610","charme",0.004
"611","chic",0.0787
"612","clever",0.2243
"613","cleverness",0.004
"614","comeback",0.0712
"615","cool",0.004
"616","crash",-0.1885
"617","dahinschwinden",-0.0048
"618","dämlich",-0.048
"619","dämpfen",-0.0411
"620","dämpfer",-0.0048
"621","dankbar",0.0854
"622","dankbarkeit",0.004
"623","danken",0.191
"624","dauerhaft",0.205
"625","debil",-0.306
"626","defekt",-0.1754
"627","defizit",-0.347
"628","defizitär",-0.4535
"629","deformation",-0.0048
"630","deformieren",-0.0048
"631","degradieren",-0.0048
"632","degradierung",-0.3137
"633","deinstallieren",-0.0048
"634","deinstalliert",-0.0048
"635","dekadent",-0.1769
"636","dekadenz",-0.0048
"637","demütigen",-0.0048
"638","demütigung",-0.0048
"639","denkfaul",-0.0048
"640","denkfehler",-0.0048
"641","denkwürdig",0.004
"642","depression",-0.4951
"643","depressiv",-0.4715
"644","desaster",-0.3413
"645","desinteresse",-0.3348
"646","desinteressiert",-0.0048
"647","desolat",-0.0048
"648","destruktiv",-0.1936
"649","detailliert",0.004
"650","dezimieren",-0.0048
"651","dezimierung",-0.0048
"652","dieb",-0.1962
"653","diebstahl",-0.3505
"654","dienlich",0.004
"655","diffamieren",-0.0048
"656","diffamierung",-0.4591
"657","diffizil",-0.0048
"658","diffus",-0.331
"659","diktator",-0.0048
"660","diktatorisch",-0.0048
"661","dilemma",-0.3403
"662","dilettantisch",-0.0048
"663","diplomatisch",0.004
"664","diskreditieren",-0.323
"665","diskret",0.004
"666","diskretion",0.004
"667","diskriminierung",-0.0048
"668","dissens",-0.0048
"669","distanziert",-0.0048
"670","disziplin",0.0611
"671","diszipliniert",0.004
"672","disziplinlos",-0.0048
"673","dominieren",-0.0048
"674","dominierung",-0.0048
"675","doof",-0.1562
"676","doppeldeutigkeit",-0.0048
"677","doppelspiel",-0.0048
"678","dramatisch",-0.3656
"679","drängelnd",-0.0048
"680","drängen",-0.3516
"681","drastisch",-0.351
"682","dreck",-0.0048
"683","dreckig",-0.016
"684","dreist",-0.4457
"685","drift",-0.0048
"686","driften",-0.0048
"687","drohen",-0.3503
"688","drohung",-0.0048
"689","drosseln",-0.0048
"690","drosselung",-0.3178
"691","duft",0.2149
"692","dufte",0.1958
"693","duften",0.2132
"694","dumm",-0.5901
"695","dummheit",-0.4877
"696","dummkopf",-0.0048
"697","dunkel",-0.0214
"698","dunkelheit",-0.3547
"699","durchdacht",0.2131
"700","durcheinander",-0.0048
"701","durchfallen",-0.1801
"702","durchhalten",0.004
"703","durchschlagend",0.004
"704","dürr",-0.0048
"705","dürre",-0.0048
"706","dussel",-0.3094
"707","dusselig",-0.0409
"708","düster",-0.0187
"709","düsternis",-0.0048
"710","dynamik",0.004
"711","dynamisch",0.004
"712","echtheit",0.004
"713","edel",0.2235
"714","effektiv",0.0971
"715","effektvoll",0.004
"716","effizient",0.004
"717","effizienz",0.004
"718","egoist",-0.3179
"719","egoistisch",-0.3254
"720","ehebrechen",-0.3128
"721","ehebruch",-0.4743
"722","ehre",0.0732
"723","ehren",0.0612
"724","ehrenwert",0.004
"725","ehrfurcht",0.004
"726","ehrfürchtig",0.004
"727","ehrgeizig",0.2076
"728","ehrlich",0.1212
"729","ehrlichkeit",0.004
"730","ehrwürdig",0.004
"731","ehrwürdigkeit",0.004
"732","eifer",0.004
"733","eifern",0.004
"734","eifrig",0.004
"735","eigenartig",-0.0048
"736","eigenkapital",0.004
"737","eignen",0.1006
"738","eignung",0.004
"739","einbehalten",-0.0048
"740","einbrechen",-0.0048
"741","einbrecher",-0.0048
"742","einbruch",-0.3498
"743","einbuße",-0.0048
"744","eindeutig",0.004
"745","eindeutigkeit",0.004
"746","eindrucksvoll",0.3001
"747","einfach",0.004
"748","einfallsreich",0.2031
"749","einfallsreichtum",0.004
"750","einfältig",-0.1858
"751","einflussreich",0.004
"752","einflußreich",0.004
"753","eingehen",-0.0048
"754","eingeschränkt",-0.0048
"755","einhalten",0.004
"756","einhaltung",0.004
"757","einheit",0.004
"758","einheitlich",0.004
"759","einheitlichkeit",0.004
"760","einkauf",0.004
"761","einkaufen",0.2249
"762","einmalig",0.3137
"763","einnahme",0.004
"764","einnehmen",0.004
"765","einsam",-0.1634
"766","einsamkeit",-0.339
"767","einschlag",-0.0048
"768","einschlagen",-0.0048
"769","einschränken",-0.3327
"770","einschränkung",-0.2048
"771","einschrumpfen",-0.0048
"772","einschüchtern",-0.0048
"773","einschüchternd",-0.0048
"774","einschüchterung",-0.0048
"775","einsinken",-0.0366
"776","einsparen",0.004
"777","einsparung",0.004
"778","einstellen",-0.0048
"779","einstürzen",-0.0048
"780","eintönig",-0.0378
"781","einträglich",0.004
"782","einwandfrei",0.0949
"783","einweihen",0.004
"784","einweihung",0.004
"785","einzigartig",0.3078
"786","einzigartigkeit",0.004
"787","ekel",-0.462
"788","ekelerregend",-0.0413
"789","ekelig",-0.0048
"790","eklatant",-0.0048
"791","elegant",0.2115
"792","eleganz",0.004
"793","elend",-0.1266
"794","elendig",-0.0048
"795","empathie",0.004
"796","empathisch",0.004
"797","empfehlen",0.004
"798","empfehlenswert",0.093
"799","empfehlung",0.004
"800","empören",-0.0048
"801","empörung",-0.0048
"802","ende",-0.2088
"803","energielos",-0.3037
"804","energielosigkeit",-0.0048
"805","energisch",0.004
"806","engagement",0.2157
"807","engagieren",0.004
"808","engagiert",0.0869
"809","engstirnig",-0.3199
"810","enorm",0.0898
"811","entbehrungsreich",-0.0048
"812","entbinden",-0.0048
"813","entbindung",-0.0048
"814","entfremden",-0.0048
"815","entfremdung",-0.0048
"816","entführen",-0.0048
"817","entführung",-0.0048
"818","entgleiten",-0.0048
"819","enthaupten",-0.0048
"820","enthauptung",-0.0048
"821","enthusiastisch",0.004
"822","entkräften",-0.0048
"823","entlassen",-0.0048
"824","entlassung",-0.0048
"825","entlasten",0.004
"826","entlastung",0.004
"827","entlohnen",0.004
"828","entlohnung",0.004
"829","entmutigen",-0.0048
"830","entmutigung",-0.0048
"831","entnervt",-0.0048
"832","enträtseln",0.004
"833","entrüsten",-0.0048
"834","entschädigen",0.004
"835","entschädigung",0.004
"836","entschlossen",0.004
"837","entschluß",0.0804
"838","entschlüsseln",0.004
"839","entschlüsselung",0.004
"840","entschwinden",-0.1827
"841","entsetzlich",-0.477
"842","entspannen",0.2406
"843","entspannung",0.0875
"844","enttäuschen",-0.0586
"845","enttäuschend",-0.0425
"846","enttäuscht",-0.3129
"847","enttäuschung",-0.3378
"848","entwirren",0.004
"849","entwirrung",0.004
"850","entwürdigend",-0.3132
"851","entziehen",-0.0048
"852","entziehung",-0.0048
"853","entzückend",0.0844
"854","epidemie",-0.0048
"855","epochal",0.004
"856","erarbeiten",0.004
"857","erbärmlich",-0.4796
"858","erbe",0.004
"859","erben",0.004
"860","erbittert",-0.0048
"861","erbost",-0.3293
"862","erbrechen",-0.3308
"863","erdrückend",-0.0048
"864","erfahren",0.0927
"865","erfahrung",0.004
"866","erfolg",0.3446
"867","erfolgreich",0.2193
"868","erfolgserlebnis",0.0884
"869","erfreuen",0.2112
"870","erfreulich",0.2197
"871","erfrischend",0.2227
"872","erfüllen",0.004
"873","erfüllung",0.004
"874","ergänzen",0.2074
"875","ergänzung",0.004
"876","ergaunern",-0.0048
"877","ergebnislos",-0.0048
"878","ergebnisreich",0.004
"879","ergiebig",0.004
"880","ergiebigkeit",0.004
"881","erhalten",0.004
"882","erhältlich",0.004
"883","erhaltung",0.004
"884","erhebend",0.004
"885","erheblich",0.004
"886","erhöhen",0.004
"887","erhöhung",0.004
"888","erholen",0.2357
"889","erholsam",0.2188
"890","erholung",0.0865
"891","erkennbar",0.004
"892","erklärt",0.004
"893","erklimmen",0.004
"894","erlauben",0.004
"895","erlaubnis",0.004
"896","erleichtern",0.004
"897","erleichterung",0.004
"898","erleiden",-0.3494
"899","erleuchten",0.004
"900","erleuchtung",0.004
"901","erliegen",-0.3296
"902","erlösen",0.004
"903","erlösung",0.004
"904","ermahnen",-0.0048
"905","ermahnung",-0.0048
"906","ermöglichen",0.004
"907","ermorden",-0.3292
"908","ermordung",-0.332
"909","ermüden",-0.0048
"910","ermüdung",-0.0048
"911","ermunternd",0.004
"912","ermutigen",0.004
"913","ermutigend",0.0735
"914","ermutigung",0.004
"915","erneuern",0.004
"916","erneuerung",0.004
"917","erniedrigen",-0.0048
"918","erniedrigung",-0.3259
"919","ernsthaft",0.004
"920","ernsthaftigkeit",0.004
"921","ernüchternd",-0.0048
"922","ernüchterung",-0.0048
"923","erosion",-0.0666
"924","erpressen",-0.0048
"925","erpressung",-0.0048
"926","erreichen",0.004
"927","erschaffen",0.004
"928","erschießen",-0.3317
"929","erschlaffen",-0.0048
"930","erschlagen",-0.3442
"931","erschlossen",0.004
"932","erschöpfen",-0.0048
"933","erschöpft",-0.0377
"934","erschöpfung",-0.0595
"935","erschrecken",-0.1812
"936","erschreckend",-0.0544
"937","erschüttern",-0.0048
"938","erschütternd",-0.0472
"939","erschüttert",-0.0048
"940","erschütterung",-0.0048
"941","erschweren",-0.4891
"942","ersparnis",0.004
"943","ersprießlich",0.004
"944","erstaunen",0.004
"945","erstaunlich",0.004
"946","erstechen",-0.3078
"947","ersticken",-0.3291
"948","erstklassig",0.1967
"949","erstrangig",0.004
"950","erstrebenswert",0.0765
"951","ertrag",0.004
"952","ertragreich",0.004
"953","ertrinken",-0.0048
"954","erweitern",0.004
"955","erweitert",0.004
"956","erweiterung",0.004
"957","erwünscht",0.004
"958","erwürgen",-0.0048
"959","erzeugen",0.004
"960","erzeugnis",0.004
"961","erzielen",0.004
"962","erzürnt",-0.3221
"963","etabliert",0.004
"964","euphorisch",0.5505
"965","exakt",0.004
"966","existenzbedrohend",-0.0048
"967","exklusiv",0.004
"968","exorbitant",0.004
"969","exotisch",0.1944
"970","experte",0.004
"971","expertise",0.004
"972","explodieren",-0.0048
"973","explosion",-0.0048
"974","explosiv",0.004
"975","exponiert",0.004
"976","exquisit",0.004
"977","extravagant",0.004
"978","exzellent",0.4198
"979","exzellenz",0.004
"980","fabelhaft",0.1952
"981","fad",-0.0048
"982","fadenscheinig",-0.0048
"983","fähig",0.004
"984","fähigkeit",0.0892
"985","fahrlässig",-0.3487
"986","fahrlässigkeit",-0.0048
"987","fair",0.3281
"988","fairness",0.004
"989","fallen",-0.2153
"990","falsch",-0.7618
"991","fälschen",-0.0048
"992","fälschung",-0.3377
"993","famos",0.2018
"994","fantasievoll",0.004
"995","fantastisch",0.3319
"996","farblos",-0.0048
"997","farce",-0.3349
"998","faschist",-0.0048
"999","faschistisch",-0.4477
"1000","faszination",0.004
"1001","faszinieren",0.0663
"1002","faszinierend",0.3037
"1003","fatal",-0.345
"1004","faul",-0.035
"1005","faulheit",-0.611
"1006","favorisieren",0.004
"1007","favorit",0.004
"1008","fehde",-0.0048
"1009","fehlanzeige",-0.0048
"1010","fehlen",-0.5365
"1011","fehler",-0.6752
"1012","fehleranfällig",-0.0048
"1013","fehlerfrei",0.004
"1014","fehlerhaft",-0.3581
"1015","fehlermeldung",-0.4765
"1016","fehlkauf",-0.0048
"1017","fehlkonstruktion",-0.0048
"1018","fehlleistung",-0.0048
"1019","fehltritt",-0.0048
"1020","fehlverhalten",-0.3461
"1021","feier",0.0829
"1022","feiern",0.494
"1023","feige",-0.4649
"1024","fein",0.4734
"1025","feind",-0.8054
"1026","feindlich",-0.4723
"1027","feindselig",-0.4579
"1028","fertig",0.3757
"1029","fertigen",0.004
"1030","fertigkeit",0.004
"1031","fesch",0.0806
"1032","fesseln",-0.0048
"1033","fesselnd",0.004
"1034","fest",0.2346
"1035","festakt",0.004
"1036","festigkeit",0.004
"1037","festlich",0.2021
"1038","festlichkeit",0.004
"1039","feuer",-0.0445
"1040","feuern",-0.0048
"1041","fiasko",-0.0048
"1042","fidel",0.004
"1043","fies",-0.305
"1044","finanzieren",0.004
"1045","finanzierung",0.004
"1046","finanzkrise",-0.3283
"1047","findig",0.004
"1048","finster",-0.0515
"1049","finte",-0.0048
"1050","fit",0.3686
"1051","fitness",0.0851
"1052","flach",-0.0048
"1053","flair",0.2216
"1054","flau",-0.0048
"1055","flaute",-0.0413
"1056","fleiß",0.3113
"1057","fleißig",0.3571
"1058","flexibel",0.004
"1059","flexibilität",0.004
"1060","flink",0.0878
"1061","florieren",0.004
"1062","flott",0.3394
"1063","fluch",-0.3534
"1064","flucht",-0.0048
"1065","flüchtend",-0.0048
"1066","flüchtig",-0.0048
"1067","flüchtiger",-0.0048
"1068","flüchtigkeit",-0.0048
"1069","flüchtling",-0.0048
"1070","flüssig",0.2229
"1071","folgenschwer",-0.0048
"1072","folgewidrig",-0.0048
"1073","fördern",0.004
"1074","förderung",0.0829
"1075","formvollendet",0.004
"1076","fortdauernd",0.004
"1077","fortschreiten",0.004
"1078","fortschritt",0.004
"1079","fragil",-0.0422
"1080","fraglich",-0.0576
"1081","fragwürdig",-0.4858
"1082","frech",-0.0048
"1083","frechheit",-0.4665
"1084","frei",0.004
"1085","freiheit",0.004
"1086","freikommen",0.004
"1087","freisprechen",0.004
"1088","freispruch",0.004
"1089","freiwillig",0.004
"1090","fremd",-0.4939
"1091","fremdartig",-0.0419
"1092","freude",0.6502
"1093","freudig",0.3256
"1094","freudlos",-0.0048
"1095","freuen",0.2198
"1096","freund",0.0116
"1097","freundlich",0.6022
"1098","freundlichkeit",0.0913
"1099","freundschaft",0.2059
"1100","freundschaftlich",0.004
"1101","frieden",0.004
"1102","friedlich",0.0924
"1103","friedvoll",0.0908
"1104","frivol",-0.0412
"1105","froh",0.1364
"1106","fröhlich",0.2501
"1107","frohlocken",0.004
"1108","fruchtbar",0.0878
"1109","fruchtbarkeit",0.004
"1110","fruchtlos",-0.0048
"1111","frust",-0.469
"1112","frustration",-0.3354
"1113","frustrieren",-0.0372
"1114","frustrierend",-0.0048
"1115","frustriert",-0.3244
"1116","fuchsteufelswild",-0.0048
"1117","führen",0.004
"1118","führend",0.004
"1119","führung",0.004
"1120","fülle",0.004
"1121","füllen",0.004
"1122","fulminant",0.004
"1123","funkeln",0.004
"1124","funktionieren",0.004
"1125","funktionierend",0.2022
"1126","funktionsfähig",0.004
"1127","funktionsfähigkeit",0.004
"1128","furcht",-0.5012
"1129","furchtbar",-0.3042
"1130","fürchten",-0.3545
"1131","fürchterlich",-0.3363
"1132","furchterregend",-0.1778
"1133","furchtlos",0.004
"1134","furchtlosigkeit",0.004
"1135","gabe",0.0747
"1136","galant",0.004
"1137","gallig",-0.3005
"1138","gammelig",-0.0344
"1139","gammeln",-0.0411
"1140","gammler",-0.0048
"1141","gammlig",-0.0048
"1142","gangster",-0.3375
"1143","garantie",0.004
"1144","garantiert",0.004
"1145","garnichts",-0.0048
"1146","garstig",-0.0425
"1147","gastfreundlich",0.0854
"1148","gastfreundlichkeit",0.004
"1149","gauner",-0.4592
"1150","geärgert",-0.1846
"1151","geblitzt",-0.0435
"1152","gebrechen",-0.3251
"1153","gebrechlich",-0.0048
"1154","gedankenlos",-0.0048
"1155","gedeihen",0.2166
"1156","gedeihlich",0.004
"1157","gedenken",0.004
"1158","gediegen",0.0831
"1159","gedränge",-0.0571
"1160","gedrängt",-0.0048
"1161","geduld",0.0789
"1162","geduldig",0.3342
"1163","geeignet",0.0974
"1164","gefahr",-1
"1165","gefährden",-0.5006
"1166","gefährdung",-0.0048
"1167","gefährlich",-0.6366
"1168","gefallen",0.29635
"1169","gefecht",-0.3373
"1170","gefeiert",0.3403
"1171","gefesselt",0.004
"1172","gefestigt",0.004
"1173","gefragt",0.004
"1174","geglückt",0.004
"1175","gegner",-0.344
"1176","gehaltszulage",0.004
"1177","gehandicapt",-0.0048
"1178","gehässig",-0.1821
"1179","gehörig",0.004
"1180","gehorsam",0.004
"1181","geil",0.004
"1182","geisteskrank",-0.0048
"1183","geisteskrankheit",-0.0048
"1184","geistlos",-0.0048
"1185","geistlosigkeit",-0.0048
"1186","geiz",-0.0048
"1187","geizhals",-0.0048
"1188","geizkragen",-0.0048
"1189","gekränkt",-0.453
"1190","gelähmt",-0.3308
"1191","gelassen",0.2325
"1192","gelassenheit",0.0721
"1193","geldgeber",0.004
"1194","geldstrafe",-0.3299
"1195","geliebt",0.2315
"1196","gelohnt",0.5859
"1197","gelungen",1
"1198","gemein",-0.7203
"1199","gemeinsam",0.004
"1200","gemeinschaft",0.004
"1201","gemeinschaftlich",0.004
"1202","gemütlich",0.368
"1203","genau",0.004
"1204","genauigkeit",0.004
"1205","genehm",0.004
"1206","genehmigen",0.004
"1207","genehmigung",0.004
"1208","genervt",-0.0237
"1209","genesen",0.004
"1210","genesung",0.004
"1211","genial",0.2156
"1212","genialität",0.004
"1213","genie",0.0697
"1214","genießbar",0.004
"1215","genießen",0.4983
"1216","genügend",0.1019
"1217","genuss",0.0701
"1218","genuß",0.073
"1219","geordnet",0.0936
"1220","gepflegt",0.3499
"1221","geräumig",0.1008
"1222","geräumigkeit",0.004
"1223","gerecht",0.004
"1224","gerechtfertigt",0.004
"1225","gerechtigkeit",0.004
"1226","gering",-0.6621
"1227","geringwertig",-0.0048
"1228","gerührt",0.446
"1229","geruhsam",0.0769
"1230","geschäftig",0.004
"1231","geschäftsauflösung",-0.0048
"1232","geschätzt",0.004
"1233","geschenk",0.4792
"1234","geschick",0.004
"1235","geschicklichkeit",0.004
"1236","geschickt",0.004
"1237","geschmacklos",-0.3212
"1238","geschmacklosigkeit",-0.0048
"1239","geschmackvoll",0.2116
"1240","gestank",-0.0048
"1241","gesteigert",0.004
"1242","gestiegen",0.004
"1243","gestresst",-0.3128
"1244","gesund",0.1554
"1245","gesundheit",0.004
"1246","gesundung",0.004
"1247","getreu",0.004
"1248","gewachsen",0.1201
"1249","gewährleisten",0.004
"1250","gewährleistung",0.004
"1251","gewalt",-0.5363
"1252","gewaltfrei",0.004
"1253","gewaltig",0.004
"1254","gewaltsam",-0.0048
"1255","gewalttätig",-0.3409
"1256","gewalttätige",-0.0048
"1257","gewalttätiger",-0.0048
"1258","gewichtig",0.004
"1259","gewinn",0.004
"1260","gewinnbringend",0.004
"1261","gewinnen",0.004
"1262","gewinner",0.004
"1263","gewissenhaft",0.004
"1264","gewünscht",0.004
"1265","gezielt",0.004
"1266","gift",-0.3505
"1267","giftig",-0.3378
"1268","gigantisch",0.5459
"1269","glamour",0.004
"1270","glamourös",0.004
"1271","glanz",0.004
"1272","glänzen",0.3397
"1273","glänzend",0.2082
"1274","glanzlos",-0.3133
"1275","glanzlosigkeit",-0.0048
"1276","glanzvoll",0.004
"1277","glasklar",0.004
"1278","glatt",0.1099
"1279","glaube",0.004
"1280","glaubwürdig",0.0893
"1281","glaubwürdigkeit",0.004
"1282","gleichgültig",-0.3436
"1283","gleichgültigkeit",-0.343
"1284","gleichstellen",0.004
"1285","gleichstellung",0.004
"1286","gleichwertig",0.004
"1287","glorios",0.004
"1288","glorreich",0.004
"1289","glück",0.2452
"1290","glücklich",0.115
"1291","glücklos",-0.3147
"1292","glücklosigkeit",-0.0048
"1293","glückseligkeit",0.004
"1294","glückwunsch",0.2193
"1295","glühend",0.004
"1296","gnade",0.004
"1297","gnadenlos",-0.6033
"1298","gnadenlosigkeit",-0.0048
"1299","gnädig",0.004
"1300","golden",0.004
"1301","goldig",0.1991
"1302","gönnen",0.3387
"1303","gönner",0.004
"1304","gönnerschaft",0.004
"1305","göttlich",0.004
"1306","grandios",0.1843
"1307","grässlich",-0.0395
"1308","gräßlich",-0.4529
"1309","gratulation",0.428
"1310","gratulieren",0.065
"1311","grau",-0.336
"1312","grauen",-0.0048
"1313","grauenhaft",-0.184
"1314","grauenvoll",-0.3238
"1315","grausam",-0.625
"1316","grausamkeit",-0.3348
"1317","grausig",-0.1777
"1318","gravierend",0.004
"1319","greifbar",0.0886
"1320","grenzdebil",-0.0048
"1321","grenzenlos",0.004
"1322","grenzenlosigkeit",0.004
"1323","grimmig",-0.3295
"1324","grob",-0.3495
"1325","groggy",-0.0048
"1326","groll",-0.6021
"1327","groß",0.3694
"1328","großartig",0.4606
"1329","größe",0.004
"1330","großspurig",0.004
"1331","größtmöglich",0.004
"1332","großzügig",0.2077
"1333","großzügigigkeit",0.004
"1334","grotesk",-0.3318
"1335","groteske",-0.0048
"1336","grottenschlecht",-0.3089
"1337","grottenübel",-0.0048
"1338","grundlegend",0.004
"1339","gründlich",0.004
"1340","gründlichkeit",0.004
"1341","grundsätzlich",0.004
"1342","gruselig",-0.0048
"1343","gültig",0.004
"1344","gültigkeit",0.004
"1345","gunst",0.004
"1346","günstig",0.0946
"1347","gut",0.3716
"1348","güte",0.004
"1349","gutgehend",0.004
"1350","gütig",0.004
"1351","gütlich",0.004
"1352","haarig",-0.0351
"1353","haarsträubend",-0.4637
"1354","habgier",-0.0532
"1355","habgierig",-0.3059
"1356","haft",-0.0048
"1357","halbfertig",-0.0048
"1358","hämisch",-0.3198
"1359","hammer",0.004
"1360","handfest",0.004
"1361","handgemenge",-0.3174
"1362","handicap",-0.0426
"1363","handikap",-0.0426
"1364","handlich",0.2025
"1365","happig",-0.0256
"1366","harmonie",0.0795
"1367","harmonisch",0.3489
"1368","harmonisieren",0.0828
"1369","harmonisierung",0.004
"1370","harsch",-0.0048
"1371","hart",-0.1483
"1372","härte",-0.0446
"1373","hartnäckig",-0.0958
"1374","hartnäckigkeit",0.004
"1375","hass",-0.5014
"1376","hassen",-0.054
"1377","hässlich",-0.4387
"1378","häßlich",-0.4387
"1379","hauptsächlich",0.004
"1380","heben",0.2219
"1381","heftig",-0.1819
"1382","heikel",-0.0048
"1383","heil",0.3414
"1384","heilen",0.004
"1385","heilig",0.0727
"1386","heiligtum",0.004
"1387","heillos",-0.0048
"1388","heilsam",0.2007
"1389","heilung",0.004
"1390","heimsuchen",-0.3228
"1391","heimsuchung",-0.0048
"1392","heimtückisch",-0.3241
"1393","heimzahlen",-0.0371
"1394","heirat",0.004
"1395","heiraten",0.004
"1396","heiß",0.3557
"1397","heiter",0.2013
"1398","heiterkeit",0.004
"1399","hektik",-0.0048
"1400","hektisch",-0.0396
"1401","helfen",0.373
"1402","hell",0.235
"1403","helligkeit",0.004
"1404","hemmen",-0.1953
"1405","hemmung",-0.0048
"1406","herabsetzen",-0.3199
"1407","heranwachsen",0.0867
"1408","heraufsetzen",0.004
"1409","herausfordern",-0.0048
"1410","herausforderung",-0.0048
"1411","herausgehoben",0.004
"1412","herausragen",0.004
"1413","herrisch",-0.0426
"1414","herrlich",0.4821
"1415","herrlichkeit",0.004
"1416","herrschaftlich",0.004
"1417","herunter",-0.0048
"1418","heruntermachen",-0.0048
"1419","hervorragend",0.5891
"1420","herzig",0.004
"1421","herzlich",0.004
"1422","herzlos",-0.3157
"1423","heuchelei",-0.0048
"1424","heucheln",-0.0048
"1425","heuchler",-0.3251
"1426","heuchlerisch",-0.4544
"1427","highlight",0.004
"1428","hilfe",0.004
"1429","hilflos",-0.4827
"1430","hilflosigkeit",-0.3394
"1431","hilfreich",0.0926
"1432","hilfsbereit",0.3377
"1433","hilfsbereitschaft",0.004
"1434","himmlisch",0.2088
"1435","hinausgehend",0.004
"1436","hindernis",-0.0048
"1437","hinfällig",-0.3336
"1438","hingabe",0.004
"1439","hingeben",0.0762
"1440","hinhauen",0.004
"1441","hinreichend",0.004
"1442","hinreißend",0.0841
"1443","hinterhalt",-0.0048
"1444","hinterlassen",0.004
"1445","hinterlist",-0.0048
"1446","hinterlistig",-0.3187
"1447","hinzufügen",0.004
"1448","hinzunehmen",0.004
"1449","historisch",0.004
"1450","hoch",0.004
"1451","hochattraktiv",0.004
"1452","hochdruckgebiet",0.004
"1453","hochgestellt",0.004
"1454","hochgradig",0.004
"1455","hochhalten",0.004
"1456","hochheben",0.004
"1457","hochkarätig",0.004
"1458","hochklassig",0.004
"1459","hochrangig",0.004
"1460","hochruf",0.004
"1461","höchstmöglich",0.004
"1462","hochtrabend",-0.3086
"1463","hochtreibend",0.004
"1464","hochwertig",0.0849
"1465","hochwertigkeit",0.004
"1466","hoffen",0.2318
"1467","hoffnung",0.2038
"1468","hoffnungsfroh",0.004
"1469","hoffnungslos",-0.3412
"1470","hoffnungsvoll",0.1853
"1471","höflich",0.004
"1472","höflichkeit",0.004
"1473","höhepunkt",0.004
"1474","hohn",-0.0048
"1475","höhnisch",-0.0525
"1476","hölle",-0.5052
"1477","hörenswert",0.004
"1478","horror",-0.0509
"1479","hübsch",0.4629
"1480","human",0.004
"1481","humanitär",0.004
"1482","humanität",0.004
"1483","humor",0.3296
"1484","humorvoll",0.317
"1485","hundertprozentig",0.0796
"1486","hunger",-0.3531
"1487","hungern",-0.0565
"1488","hungersnot",-0.4739
"1489","hungertod",-0.0048
"1490","hungrig",-0.0048
"1491","hurra",0.004
"1492","hurrageschrei",0.004
"1493","hysterie",-0.3386
"1494","hysterisch",-0.0465
"1495","ideal",0.0937
"1496","idiot",-0.0048
"1497","idiotisch",-0.0048
"1498","idyllisch",0.004
"1499","illegal",-0.3479
"1500","illegalität",-0.0048
"1501","illoyal",-0.0048
"1502","illuster",0.004
"1503","immens",0.004
"1504","immobil",-0.0048
"1505","immobilität",-0.0048
"1506","imponierend",0.004
"1507","imposant",0.004
"1508","inbrünstig",0.004
"1509","individualität",0.004
"1510","individuell",0.004
"1511","ineffizient",-0.4602
"1512","ineffizienz",-0.0048
"1513","infektion",-0.2059
"1514","infiltration",-0.0048
"1515","infiltrieren",-0.0048
"1516","inflation",-0.3462
"1517","ingeniös",0.004
"1518","inkompetent",-0.5935
"1519","inkompetenz",-0.0048
"1520","inkonsequent",-0.1844
"1521","inkonsequenz",-0.0455
"1522","inkonsistent",-0.0048
"1523","inkonsistenz",-0.3097
"1524","inkorrekt",-0.3167
"1525","innovation",0.004
"1526","innovativ",0.3302
"1527","inspiration",0.004
"1528","inspirieren",0.004
"1529","inspirierend",0.0786
"1530","instabil",-0.3352
"1531","instabilität",-0.3358
"1532","insturz",-0.0048
"1533","intakt",0.004
"1534","integer",0.004
"1535","integrieren",0.0908
"1536","integrität",0.004
"1537","intellekt",0.004
"1538","intelligent",0.1238
"1539","intelligenz",0.004
"1540","intensiv",0.004
"1541","interessant",0.2488
"1542","interesse",0.004
"1543","interessenvertretung",0.004
"1544","interessieren",0.004
"1545","interessiert",0.004
"1546","intervenieren",-0.0048
"1547","intervention",-0.1975
"1548","intolerant",-0.3215
"1549","invasion",-0.0048
"1550","investieren",0.004
"1551","investition",0.004
"1552","irrational",-0.3277
"1553","irre",-0.0048
"1554","irrsinnig",-0.0048
"1555","isolation",-0.3453
"1556","isolieren",-0.0388
"1557","jähzorn",-0.0048
"1558","jähzornig",-0.3089
"1559","jammer",-0.4613
"1560","jammern",-0.0504
"1561","jubel",0.0652
"1562","jubeln",0.0756
"1563","jubiläum",0.004
"1564","kacken",-0.171
"1565","kahl",-0.0472
"1566","kalt",-0.012
"1567","kälte",-0.0048
"1568","kaltherzig",-0.0048
"1569","kampf",-0.5372
"1570","kämpfen",-0.3467
"1571","kapitalverbrechen",-0.0048
"1572","kapitulation",-0.0048
"1573","kapitulieren",-0.0048
"1574","kaputt",-0.1513
"1575","katastrophal",-0.4917
"1576","katastrophe",-0.5027
"1577","kauf",0.004
"1578","keim",-0.0048
"1579","keimig",-0.0048
"1580","kentern",-0.0048
"1581","kinderleicht",0.004
"1582","kippen",-0.1814
"1583","klage",-0.0048
"1584","klagen",-0.3565
"1585","kläger",-0.3673
"1586","klaglos",0.004
"1587","klar",0.004
"1588","klären",0.004
"1589","klarheit",0.004
"1590","klasse",0.3474
"1591","klassisch",0.004
"1592","klein",-0.2715
"1593","klettern",0.457
"1594","klimatisiert",0.004
"1595","klischee",-0.48
"1596","klobig",-0.0373
"1597","klug",0.3532
"1598","knapp",-0.2036
"1599","knappheit",-0.0048
"1600","knorke",0.004
"1601","knuddelig",0.2086
"1602","knuffig",0.0974
"1603","knurrig",-0.0048
"1604","kollabieren",-0.0048
"1605","kollaps",-0.0048
"1606","kollegial",0.0809
"1607","kollidieren",-0.0048
"1608","kollision",-0.3323
"1609","komfort",0.1808
"1610","komfortabel",0.08
"1611","kommod",0.004
"1612","kommunikation",0.004
"1613","kommunikativ",0.004
"1614","kompatibel",0.004
"1615","kompatibilität",0.004
"1616","kompensation",0.004
"1617","kompensieren",0.004
"1618","kompetent",0.0789
"1619","kompetenz",0.004
"1620","komplett",0.004
"1621","komplikation",-0.0048
"1622","kompliment",0.3323
"1623","kompliziert",-0.0384
"1624","kompromiss",0.004
"1625","konflikt",-0.0048
"1626","konfliktfrei",0.004
"1627","konfrontation",-0.0048
"1628","konfrontieren",-0.0048
"1629","kongenial",0.004
"1630","konjunkturaufschwung",0.004
"1631","konjunkturrückgang",-0.0048
"1632","konkret",0.004
"1633","konkurrenz",-0.0461
"1634","konkurrenzfähig",0.004
"1635","konkurrenzkampf",-0.0494
"1636","konkurrieren",-0.0048
"1637","konkurs",-0.0048
"1638","konsens",0.004
"1639","konsequent",0.004
"1640","konsistent",0.004
"1641","konsistenz",0.004
"1642","konsolidieren",0.004
"1643","konsolidierung",0.004
"1644","konstant",0.087
"1645","konstanz",0.004
"1646","konstruktiv",0.0894
"1647","konsultation",0.004
"1648","konsultieren",0.004
"1649","kontinuierlich",0.004
"1650","kontinuität",0.004
"1651","kontraproduktiv",-0.6272
"1652","kontrovers",-0.3395
"1653","kontroverse",-0.3329
"1654","konzertiert",0.004
"1655","kooperation",0.004
"1656","kooperativ",0.004
"1657","kooperieren",0.004
"1658","koordinieren",0.004
"1659","koordiniert",0.004
"1660","koordinierung",0.004
"1661","kopfschmerz",-0.1993
"1662","korrekt",0.004
"1663","korrektheit",0.004
"1664","korrektur",0.004
"1665","korrupt",-0.4615
"1666","korruption",-0.3439
"1667","kostbar",0.0777
"1668","kostbarkeit",0.004
"1669","kostengünstig",0.004
"1670","kostenintensiv",-0.0048
"1671","kostenlos",0.004
"1672","kostspielig",-0.0048
"1673","kostspieligkeit",-0.0048
"1674","krach",-0.0048
"1675","krachen",-0.0048
"1676","kraft",0.004
"1677","kräftig",0.2408
"1678","kraftlos",-0.3338
"1679","kraftvoll",0.2214
"1680","krank",-0.4694
"1681","kränkeln",-0.0048
"1682","kranken",-0.0048
"1683","kränken",-0.0048
"1684","krankheit",-0.6858
"1685","kränklich",-0.3172
"1686","kränkung",-0.0048
"1687","krass",-0.1603
"1688","kreativ",0.5865
"1689","kreativität",0.0768
"1690","kriechen",-0.0048
"1691","krieg",-0.5364
"1692","kriegerisch",-0.0048
"1693","kriminalität",-0.0048
"1694","kriminell",-0.4692
"1695","krise",-0.3621
"1696","kritik",-0.5308
"1697","kritiker",-0.6494
"1698","kritisch",-0.0995
"1699","kritisieren",-0.3466
"1700","krude",-0.0048
"1701","krumm",-0.0426
"1702","krüppel",-0.3203
"1703","kulant",0.004
"1704","kulanz",0.004
"1705","kultiviert",0.0731
"1706","kümmerlich",-0.3208
"1707","kümmern",0.2016
"1708","kündigen",-0.4947
"1709","kündigung",-0.0048
"1710","künstlerisch",0.004
"1711","kunstreich",0.004
"1712","kunstvoll",0.004
"1713","kur",0.0859
"1714","kurieren",0.004
"1715","kurseinbruch",-0.0048
"1716","kurz",-0.0048
"1717","kürzen",-0.3439
"1718","kurzsichtig",-0.4714
"1719","kürzung",-0.341
"1720","labil",-0.326
"1721","lächeln",0.3399
"1722","lachen",0.0135
"1723","lächerlich",-0.6435
"1724","lädiert",-0.0366
"1725","lähmen",-0.0048
"1726","lähmung",-0.0048
"1727","laienhaft",-0.3169
"1728","lakonisch",-0.0048
"1729","langatmig",-0.0048
"1730","langeweile",-0.0377
"1731","langlebig",0.2026
"1732","langlebigkeit",0.004
"1733","langsam",-0.0167
"1734","langweilen",-0.0512
"1735","langweiler",-0.0443
"1736","langweilig",-0.0228
"1737","läppisch",-0.0048
"1738","lasch",-0.0048
"1739","lässig",0.2095
"1740","last",-0.0048
"1741","lästig",-0.1751
"1742","laune",0.1085
"1743","launenhaftigkeit",-0.0048
"1744","launisch",-0.0409
"1745","lautstark",0.004
"1746","lebendig",0.0947
"1747","lebensfähig",0.004
"1748","lebensfähigkeit",0.004
"1749","lebensfeindlich",-0.0048
"1750","lebensgefahr",-0.0048
"1751","lebensgefährlich",-0.0048
"1752","lebhaft",0.2146
"1753","leblos",-0.049
"1754","leblosigkeit",-0.0048
"1755","leer",-0.025
"1756","leere",-0.0048
"1757","legal",0.004
"1758","legalität",0.004
"1759","legendär",0.004
"1760","legitim",0.004
"1761","legitimität",0.004
"1762","leicht",0.004
"1763","leichtgläubig",-0.0048
"1764","leichtigkeit",0.1725
"1765","leichtsinn",-0.3253
"1766","leichtsinnig",-0.0048
"1767","leichtsinnsfehler",-0.0371
"1768","leid",-0.5056
"1769","leiden",-0.1596
"1770","leidende",-0.0048
"1771","leidenschaft",0.004
"1772","leidenschaftlich",0.1988
"1773","leider",-0.4787
"1774","leistung",0.004
"1775","leistungsfähig",0.3222
"1776","leistungsfähigkeit",0.004
"1777","leistungsstark",0.004
"1778","leistungsunfähig",-0.0048
"1779","lernen",0.2492
"1780","leuchtend",0.0821
"1781","leugnen",-0.4862
"1782","leutselig",0.004
"1783","liberal",0.004
"1784","liberalismus",0.004
"1785","lieb",0.1131
"1786","liebe",0.0985
"1787","liebenswert",0.2077
"1788","liebenswürdig",0.2001
"1789","liebevoll",0.4657
"1790","liebling",0.0873
"1791","lieblos",-0.4697
"1792","lindern",0.004
"1793","linderung",0.004
"1794","liquidation",-0.0048
"1795","liquidieren",-0.0048
"1796","lob",0.7246
"1797","loben",0.4445
"1798","lobenswert",0.0821
"1799","löblich",0.004
"1800","locker",0.2381
"1801","logisch",0.0936
"1802","lohn",0.004
"1803","lohnen",0.004
"1804","lohnend",0.1875
"1805","löschen",-0.3654
"1806","löschung",-0.0048
"1807","lösen",0.004
"1808","lösung",0.004
"1809","loswerden",-0.0048
"1810","loyal",0.004
"1811","loyalität",0.004
"1812","lückenhaft",-0.4805
"1813","lückenlos",0.004
"1814","lüge",-0.5
"1815","lügner",-0.4767
"1816","lukrativ",0.004
"1817","luxuriös",0.0835
"1818","luxus",0.004
"1819","macht",0.004
"1820","mächtig",0.2277
"1821","machtlos",-0.3351
"1822","mager",-0.0048
"1823","magern",-0.0048
"1824","magie",0.004
"1825","magisch",0.004
"1826","majestät",0.004
"1827","majestätisch",0.073
"1828","makel",-0.1813
"1829","makelhaft",-0.0048
"1830","makellos",0.2
"1831","malerisch",0.0753
"1832","mangel",-0.3669
"1833","mangelbehaftet",-0.0048
"1834","mangelhaft",-0.3395
"1835","mangeln",-0.0048
"1836","manipulation",-0.3455
"1837","manipulieren",-0.0048
"1838","markant",0.1935
"1839","massaker",-0.0048
"1840","massiv",0.004
"1841","maßlos",-0.1965
"1842","maßlosigkeit",-0.0048
"1843","matt",-0.0048
"1844","mau",-0.1914
"1845","maximal",0.004
"1846","maximieren",0.004
"1847","maximum",0.004
"1848","meckern",-0.031
"1849","meiden",-0.332
"1850","meisterhaft",0.004
"1851","meisterlich",0.004
"1852","meisterschaft",0.004
"1853","meisterwerk",0.004
"1854","melancholie",-0.1859
"1855","melancholisch",-0.0048
"1856","melodrama",-0.0048
"1857","melodramatisch",-0.0048
"1858","menschenunwürdig",-0.3144
"1859","menschenwürde",0.004
"1860","menschenwürdig",0.004
"1861","menschlich",0.3324
"1862","menschlichkeit",0.004
"1863","merkwürdig",-0.0431
"1864","merkwürdigkeit",-0.0048
"1865","messbar",0.004
"1866","mies",-0.0048
"1867","miesepetrig",-0.0048
"1868","mild",0.3303
"1869","milde",0.004
"1870","mindern",-0.057
"1871","minderung",-0.0048
"1872","minderwertig",-0.613
"1873","minderwertigkeit",-0.3201
"1874","miserabel",-0.2004
"1875","missachten",-0.0048
"1876","mißachten",-0.0048
"1877","missachtung",-0.0048
"1878","missbrauch",-0.0048
"1879","missbrauchen",-0.0048
"1880","mißbrauchen",-0.0048
"1881","missfallen",-0.0048
"1882","mißfallen",-0.0048
"1883","missgelaunt",-0.297
"1884","missgeschick",-0.0472
"1885","missglück",-0.0048
"1886","missglücken",-0.0048
"1887","mißglücken",-0.0048
"1888","misslingen",-0.0048
"1889","mißlingen",-0.0048
"1890","missmutig",-0.3166
"1891","mißmutig",-0.3166
"1892","missraten",-0.0048
"1893","misstrauen",-0.4778
"1894","misstrauensantrag",-0.0048
"1895","misstrauisch",-0.3333
"1896","missverständnis",-0.4756
"1897","missverstehen",-0.3202
"1898","mist",-0.1732
"1899","misten",-0.1723
"1900","miteinander",0.3697
"1901","mitfühlen",0.0922
"1902","mitgefühl",0.004
"1903","mitmenschlich",0.004
"1904","mittellos",-0.0048
"1905","mittellosigkeit",-0.0048
"1906","mittelmäßig",-0.1871
"1907","mittelmäßigkeit",-0.0048
"1908","mobil",0.004
"1909","mobilisieren",0.004
"1910","mobilität",0.004
"1911","modern",0.2287
"1912","modernisieren",0.004
"1913","modernisierung",0.004
"1914","modernität",0.004
"1915","mögen",0.345
"1916","möglich",0.004
"1917","möglichkeit",0.004
"1918","mondän",0.004
"1919","monoton",-0.0533
"1920","monotonie",-0.0048
"1921","monumental",0.004
"1922","moral",0.004
"1923","moralisch",0.004
"1924","morbid",-0.0048
"1925","mord",-0.3595
"1926","morden",-0.0048
"1927","mörderisch",-0.0384
"1928","motivation",0.004
"1929","motivieren",0.2248
"1930","motiviert",0.3541
"1931","müde",-0.0048
"1932","müdigkeit",-0.1995
"1933","mühe",-0.0048
"1934","mühelos",0.004
"1935","mühsam",-0.3336
"1936","müll",-0.3377
"1937","murren",-0.0496
"1938","mürrisch",-0.4658
"1939","mustergültig",0.004
"1940","mut",0.6093
"1941","mutig",0.3435
"1942","mutlos",-0.0048
"1943","mutlosigkeit",-0.0048
"1944","nachahmenswert",0.0818
"1945","nachhaltig",0.004
"1946","nachhaltigkeit",0.004
"1947","nachlassen",-0.0048
"1948","nachlässig",-0.3307
"1949","nachlässigkeit",-0.0048
"1950","nachteil",-0.8102
"1951","nachteilig",-0.3357
"1952","nah",0.2267
"1953","nähe",0.0911
"1954","nähren",0.004
"1955","naiv",-0.0675
"1956","naivität",-0.0048
"1957","namhaft",0.004
"1958","narr",-0.335
"1959","närrisch",-0.0443
"1960","negativ",-0.4949
"1961","negativität",-0.3155
"1962","neid",-0.4729
"1963","neidisch",-0.0048
"1964","nennenswert",0.004
"1965","nerven",-0.1374
"1966","nervenaufreibend",-0.0376
"1967","nervig",-0.0048
"1968","nervös",-0.0042
"1969","nervosität",-0.1833
"1970","nett",0.1405
"1971","neu",0.004
"1972","neustart",-0.0504
"1973","neutralisieren",-0.1892
"1974","niedergang",-0.0048
"1975","niedergeschlagen",-0.4708
"1976","niedergeschlagenheit",-0.0048
"1977","niedergleitend",-0.0048
"1978","niederlage",-0.3651
"1979","niederschlagen",-0.1871
"1980","niederschmetternd",-0.0436
"1981","niederträchtig",-0.45
"1982","niedlich",0.0987
"1983","niedrig",-0.3623
"1984","nörgeln",-0.1789
"1985","not",-0.2187
"1986","notfall",-0.0468
"1987","nötigen",-0.0048
"1988","nötigung",-0.0048
"1989","notstand",-0.0048
"1990","nutzbringend",0.004
"1991","nutzen",0.004
"1992","nützen",0.004
"1993","nützlich",0.2302
"1994","nutzlos",-0.485
"1995","nutzlosigkeit",-0.0048
"1996","oase",0.004
"1997","oberflächlich",-0.1794
"1998","oberflächlichkeit",-0.3299
"1999","öde",-0.457
"2000","offensichtlich",0.004
"2001","offensive",-0.0048
"2002","ominös",-0.0048
"2003","opposition",-0.3631
"2004","optimal",0.2162
"2005","optimalität",0.004
"2006","optimismus",0.0882
"2007","optimist",0.0836
"2008","optimistisch",0.004
"2009","ordentlich",0.0073
"2010","ordnungsgemäß",0.004
"2011","ordnungsmäßigkeit",0.004
"2012","ordnungswidrig",-0.171
"2013","original",0.004
"2014","originalität",0.004
"2015","packend",0.004
"2016","panik",-0.3429
"2017","panisch",-0.0048
"2018","panne",-0.1901
"2019","pannenhilfe",0.004
"2020","paradies",0.004
"2021","paradiesisch",0.2068
"2022","partner",0.004
"2023","partnerschaft",0.0779
"2024","partnerschaftlich",0.004
"2025","passend",0.1201
"2026","pech",-0.4823
"2027","peinlich",-0.0048
"2028","perfekt",0.7299
"2029","perfektion",0.004
"2030","perfektionismus",0.004
"2031","perfektionist",0.004
"2032","pessimismus",-0.4715
"2033","pessimistisch",-0.3359
"2034","pest",-0.3456
"2035","pflege",0.004
"2036","pflegen",0.2325
"2037","pflicht",-0.3577
"2038","pflichtwidrig",-0.0048
"2039","phänomenal",0.08
"2040","phantasie",0.075
"2041","phantasievoll",0.3064
"2042","phantastisch",0.565
"2043","pikiert",-0.0048
"2044","planlos",-0.1869
"2045","planmäßig",0.004
"2046","planvoll",0.004
"2047","plausibel",0.004
"2048","plausibilität",0.004
"2049","pleite",-0.3323
"2050","pompös",0.004
"2051","populär",0.004
"2052","positiv",0.004
"2053","positivität",0.004
"2054","potent",0.0864
"2055","potenz",0.004
"2056","pracht",0.004
"2057","prächtig",0.335
"2058","prächtigkeit",0.004
"2059","prachtvoll",0.004
"2060","präferenz",0.004
"2061","praktikabel",0.0744
"2062","praktikabilität",0.004
"2063","praktisch",0.1026
"2064","prall",0.09
"2065","präzise",0.004
"2066","präzision",0.004
"2067","preisgünstig",0.004
"2068","preissturz",-0.0048
"2069","prekär",-0.3272
"2070","premium",0.004
"2071","prestige",0.004
"2072","prima",0.5766
"2073","primitiv",-0.7475
"2074","privileg",0.004
"2075","privilegiert",0.004
"2076","problem",-0.3865
"2077","problematisch",-0.3524
"2078","problemlos",0.004
"2079","produktiv",0.004
"2080","produktivität",0.004
"2081","profan",-0.0048
"2082","professionell",0.467
"2083","profiliert",0.004
"2084","profit",0.004
"2085","profitabel",0.004
"2086","profitieren",0.004
"2087","progression",0.004
"2088","progressiv",0.004
"2089","prominent",0.004
"2090","propaganda",-0.4893
"2091","protest",-0.3564
"2092","protestieren",-0.0048
"2093","protzig",0.004
"2094","provisorisch",-0.0048
"2095","provisorium",-0.0048
"2096","provokation",-0.0048
"2097","provozieren",-0.3369
"2098","prügeln",-0.0507
"2099","prunkvoll",0.004
"2100","pünktlich",0.086
"2101","pünktlichkeit",0.004
"2102","puppig",0.004
"2103","qual",-0.0402
"2104","quälen",-0.1929
"2105","qualifikation",0.004
"2106","qualifizieren",0.004
"2107","qualifiziert",0.004
"2108","qualität",0.004
"2109","qualitativ",0.004
"2110","qualitätsminderung",-0.3096
"2111","qualitätsverbesserung",0.004
"2112","qualitätsvoll",0.004
"2113","qualvoll",-0.0048
"2114","quicklebendig",0.004
"2115","rabiat",-0.0402
"2116","rache",-0.3534
"2117","rächen",-0.3489
"2118","radikal",-0.487
"2119","raffiniert",0.004
"2120","rammen",-0.0048
"2121","ramponieren",-0.0048
"2122","rasend",-0.0048
"2123","rat",0.004
"2124","rational",0.004
"2125","ratlosigkeit",-0.0048
"2126","rätselraten",-0.0048
"2127","raub",-0.0048
"2128","räuber",-0.3508
"2129","rauh",-0.0286
"2130","rausgeschmissen",-0.1863
"2131","realistisch",0.2089
"2132","rebell",-0.0048
"2133","rebellion",-0.0048
"2134","rebellisch",-0.1706
"2135","recht",0.004
"2136","rechthaberisch",-0.0048
"2137","rechtlich",0.004
"2138","rechtmäßig",0.004
"2139","rechtmäßigkeit",0.004
"2140","rechtsgültig",0.004
"2141","rechtsgültigkeit",0.004
"2142","rechtswidrig",-0.3406
"2143","rechtswidrigkeit",-0.0499
"2144","redundanz",-0.0048
"2145","reduzieren",-0.0048
"2146","rehabilitation",0.004
"2147","rehabilitieren",0.004
"2148","reibungslos",0.1965
"2149","reich",0.1247
"2150","reichhaltig",0.209
"2151","reichlich",0.3617
"2152","reichtum",0.004
"2153","reif",0.0807
"2154","reifen",0.0886
"2155","rein",0.004
"2156","reinfall",-0.0048
"2157","reinheit",0.004
"2158","reinigen",0.004
"2159","reinigung",0.004
"2160","reizend",0.0787
"2161","reizvoll",0.004
"2162","reklamation",-0.0048
"2163","relevant",0.004
"2164","relevanz",0.004
"2165","renitent",-0.0048
"2166","renommiert",0.004
"2167","renovieren",0.004
"2168","renovierung",0.004
"2169","rentabel",0.004
"2170","rentabilität",0.004
"2171","reparatur",-4e-04
"2172","reparieren",0.004
"2173","repetiv",-0.0048
"2174","repräsentativ",0.004
"2175","respekt",0.004
"2176","respektabel",0.004
"2177","respektieren",0.004
"2178","respektvoll",0.004
"2179","retten",0.004
"2180","rettung",0.0707
"2181","revanchieren",0.004
"2182","revolte",-0.0048
"2183","revolution",-0.0048
"2184","rezession",-0.3454
"2185","richtig",0.004
"2186","richtigstellen",0.004
"2187","riesengroß",0.004
"2188","riesig",0.4554
"2189","risiko",-0.687
"2190","riskant",-0.0482
"2191","riskieren",-0.3328
"2192","rivale",-0.0502
"2193","rivalität",-0.0048
"2194","robust",0.0968
"2195","robustheit",0.004
"2196","romantik",0.0688
"2197","romantisch",0.6965
"2198","rosarot",0.004
"2199","rosig",0.0755
"2200","rost",-0.0048
"2201","rosten",-0.0048
"2202","ruchlos",-0.037
"2203","ruckeln",-0.0387
"2204","rückendeckung",0.004
"2205","rückfall",-0.0048
"2206","rückgang",-0.2096
"2207","rückgrat",0.004
"2208","rückhaltlos",0.004
"2209","rückläufig",-0.0544
"2210","rückschritt",-0.0048
"2211","rücksendung",-0.3465
"2212","rücksicht",0.004
"2213","rücksichtslos",-0.4754
"2214","rücksichtslosigkeit",-0.0048
"2215","rücksichtsvoll",0.004
"2216","rückstand",-0.063
"2217","rückständig",-0.0048
"2218","rückständigkeit",-0.0048
"2219","rücktritt",-0.0048
"2220","rückversichern",0.004
"2221","rückversicherung",0.004
"2222","rückwärts",-0.3496
"2223","rückzug",-0.3501
"2224","rüde",-0.0048
"2225","ruhe",0.5017
"2226","ruhig",0.3815
"2227","ruhm",0.004
"2228","ruhmreich",0.004
"2229","rührig",0.004
"2230","ruin",-0.0048
"2231","ruinös",-0.0048
"2232","ruppig",-0.0048
"2233","rutsch",-0.0048
"2234","rutschen",-0.0048
"2235","sabotage",-0.0048
"2236","sabotieren",-0.0048
"2237","sachgemäß",0.004
"2238","sackgasse",-0.3455
"2239","sagenhaft",0.0907
"2240","sanft",0.338
"2241","satt",0.3557
"2242","sauber",0.3553
"2243","sauberkeit",0.0755
"2244","sauer",-0.0048
"2245","schäbig",-0.0421
"2246","schade",-0.0048
"2247","schaden",-0.5299
"2248","schadensbild",-0.0048
"2249","schadhaft",-0.0048
"2250","schädigen",-0.3284
"2251","schädigend",-0.1779
"2252","schädigung",-0.0048
"2253","schädlich",-0.9269
"2254","schaffen",0.004
"2255","schal",-0.0048
"2256","scham",-0.4829
"2257","schämen",-0.893
"2258","schamlos",-0.3332
"2259","schande",-0.0048
"2260","scharf",0.2248
"2261","schatz",0.1096
"2262","schätzen",0.1175
"2263","schauerlich",-0.0048
"2264","schaurig",-0.0048
"2265","scheiden",-0.0557
"2266","scheidung",-0.2023
"2267","scheiss",-0.1838
"2268","scheiß",-0.3381
"2269","scheisse",-0.0226
"2270","scheiße",-0.2945
"2271","scheitern",-0.3524
"2272","schelte",-0.0048
"2273","schelten",-0.3143
"2274","schenken",0.204
"2275","schenkung",0.004
"2276","scheusslich",-0.0048
"2277","scheußlich",-0.1834
"2278","scheußlichkeit",-0.0048
"2279","schick",0.3372
"2280","schillern",0.004
"2281","schillernd",0.004
"2282","schimmelig",-0.304
"2283","schimmlig",-0.304
"2284","schimpfend",-0.0048
"2285","schirmherr",0.004
"2286","schirmherrschaft",0.004
"2287","schlachtfeld",-0.0048
"2288","schlaff",-0.0472
"2289","schlag",-0.0048
"2290","schlagen",-0.0306
"2291","schlagend",0.004
"2292","schlägerei",-0.0048
"2293","schlamperei",-0.0048
"2294","schlank",0.2349
"2295","schlapp",-0.0048
"2296","schlau",0.341
"2297","schlauheit",0.004
"2298","schlecht",-0.7706
"2299","schlechtigkeit",-0.4646
"2300","schleppend",-0.0048
"2301","schlicht",-0.623
"2302","schließen",-0.211
"2303","schlimm",-0.1705
"2304","schlimmer",-0.6494
"2305","schlitterbahn",-0.0048
"2306","schlotterig",-0.0048
"2307","schlottern",-0.0048
"2308","schlüssig",0.0809
"2309","schmackhaft",0.217
"2310","schmeichelnd",0.1874
"2311","schmerz",-0.0048
"2312","schmerzen",-0.3251
"2313","schmerzerfüllt",-0.0048
"2314","schmerzhaft",-0.3182
"2315","schmerzlich",-0.0516
"2316","schmerzvoll",-0.0428
"2317","schmuck",0.004
"2318","schmücken",0.004
"2319","schmuggel",-0.0048
"2320","schmuggeln",-0.0048
"2321","schmutz",-0.0542
"2322","schmutzig",-0.2984
"2323","schnäppchen",0.004
"2324","schnell",0.1169
"2325","schnelligkeit",0.004
"2326","schock",-0.0048
"2327","schocken",-0.0396
"2328","schockierend",-0.1933
"2329","schön",0.0081
"2330","schönheit",0.3286
"2331","schonungslos",-0.461
"2332","schräglauf",-0.0048
"2333","schramme",-0.0048
"2334","schreck",-0.194
"2335","schrecklich",-0.0242
"2336","schrott",-0.0534
"2337","schrumpfen",-0.0048
"2338","schubs",-0.0048
"2339","schubsen",-0.1756
"2340","schuftig",-0.0048
"2341","schuld",-0.9686
"2342","schulden",-0.0048
"2343","schuldhaft",-0.3346
"2344","schuldig",-0.7968
"2345","schuldlos",0.004
"2346","schuldlosigkeit",0.004
"2347","schuldner",-0.0048
"2348","schuldnerin",-0.0048
"2349","schurke",-0.3306
"2350","schutz",0.004
"2351","schutzmaßnahme",0.004
"2352","schwach",-0.9206
"2353","schwäche",-0.5035
"2354","schwächen",-0.3372
"2355","schwächlich",-0.3167
"2356","schwächung",-0.337
"2357","schwer",-0.0048
"2358","schwerfällig",-0.0048
"2359","schwerwiegend",-0.0048
"2360","schwierig",-0.0245
"2361","schwierigkeit",-0.0483
"2362","schwinden",-0.0048
"2363","schwindlig",-0.0512
"2364","schwund",-0.0048
"2365","schwung",0.238
"2366","schwunghaft",0.004
"2367","sehenswert",0.0947
"2368","seicht",-0.1742
"2369","selbstständig",0.004
"2370","selbstständigkeit",0.004
"2371","seltsam",-0.0048
"2372","senken",-0.0596
"2373","senkung",-0.0545
"2374","sensation",0.004
"2375","sensationell",0.086
"2376","sensibel",0.098
"2377","seriös",0.004
"2378","seriösität",0.004
"2379","sexy",0.3453
"2380","sicher",0.3733
"2381","sicherheit",0.004
"2382","sichern",0.004
"2383","sicherstellen",0.004
"2384","sichtbar",0.004
"2385","siegeszug",0.004
"2386","simpel",0.004
"2387","sinken",-0.2064
"2388","sinn",0.004
"2389","sinnlos",-0.6331
"2390","sinnlosigkeit",-0.0048
"2391","sinnvoll",0.004
"2392","sintflut",-0.3313
"2393","skandal",-0.0048
"2394","skandalös",-0.0048
"2395","skeptisch",-0.1985
"2396","sklave",-0.3281
"2397","sklavenarbeit",-0.0048
"2398","skrupellos",-0.1814
"2399","solid",0.004
"2400","solidarisch",0.004
"2401","solidarität",0.004
"2402","sonnendurchflutet",0.004
"2403","sonnig",0.2244
"2404","sorge",-0.3618
"2405","sorgen",0.1093
"2406","sorgenfrei",0.004
"2407","sorgenschwer",-0.0048
"2408","sorgfältig",0.2119
"2409","sorgfältigkeit",0.004
"2410","sorglos",0.004
"2411","sorglosigkeit",0.004
"2412","sorgsam",0.004
"2413","souverän",0.0711
"2414","spannend",0.7165
"2415","sparen",0.004
"2416","sparsam",0.0907
"2417","sparsamkeit",0.004
"2418","spaß",0.2823
"2419","spaßig",0.0969
"2420","spektakel",0.004
"2421","spektakulär",0.0925
"2422","spende",0.004
"2423","spenden",0.004
"2424","spezialität",0.004
"2425","speziell",0.004
"2426","spielend",0.004
"2427","spielerisch",0.2
"2428","spitze",0.2112
"2429","spott",-0.3357
"2430","sprengen",-0.0048
"2431","sprengstoff",-0.0048
"2432","sprengung",-0.0048
"2433","spröde",-0.038
"2434","sprung",0.004
"2435","spürbar",0.004
"2436","stabil",0.1016
"2437","stabilisieren",0.004
"2438","stabilität",0.004
"2439","stagnation",-0.0048
"2440","stagnieren",-0.0048
"2441","standhaft",0.004
"2442","standhaftigkeit",0.004
"2443","stark",0.004
"2444","stärke",0.004
"2445","stärken",0.004
"2446","starr",-0.0048
"2447","statisch",-0.0048
"2448","stattlich",0.0876
"2449","stattlichkeit",0.004
"2450","stau",-0.0438
"2451","staunen",0.004
"2452","stehlen",-0.4944
"2453","steigen",0.004
"2454","steigend",0.004
"2455","steigern",0.004
"2456","steigerung",0.004
"2457","steigflug",0.004
"2458","sterben",-0.0539
"2459","steuerhinterziehung",-0.0048
"2460","stiften",0.004
"2461","stifter",0.004
"2462","stiftung",0.004
"2463","stil",0.3398
"2464","stilllegen",-0.0048
"2465","stilllegung",-0.0048
"2466","stillstand",-0.0048
"2467","stillstehen",-0.0048
"2468","stilsicher",0.004
"2469","stilvoll",0.3197
"2470","stimulation",0.004
"2471","stimulieren",0.004
"2472","stinken",-0.1634
"2473","stocken",-0.0048
"2474","stolz",0.2979
"2475","stören",-0.333
"2476","stornieren",-0.0048
"2477","stornierung",-0.0048
"2478","störung",-0.3569
"2479","störungsfrei",0.004
"2480","stoß",-0.0048
"2481","stoßen",-0.3563
"2482","stottern",-0.0435
"2483","strafbar",-0.3468
"2484","strafverfahren",-0.0048
"2485","strahlen",0.2092
"2486","strahlend",0.218
"2487","strapaze",-0.0048
"2488","streik",-0.0048
"2489","streiken",-0.044
"2490","streit",-0.6632
"2491","streiten",-0.0302
"2492","streng",-0.3571
"2493","strenge",-0.0048
"2494","stress",-0.0048
"2495","strittig",-0.3249
"2496","stümperhaft",-0.0048
"2497","stumpfsinnig",-0.0048
"2498","stupide",-0.0048
"2499","stur",-0.1837
"2500","sturheit",-0.1894
"2501","stürmisch",-0.0048
"2502","sturz",-0.6316
"2503","stürzen",-0.1975
"2504","stütze",0.004
"2505","stützen",0.004
"2506","suboptimal",-0.0048
"2507","subvention",0.004
"2508","subventionieren",0.004
"2509","sucht",-0.3505
"2510","suchtfaktor",0.004
"2511","süchtig",0.0845
"2512","sündenbock",-0.3285
"2513","super",0.5012
"2514","superlativ",0.004
"2515","superschnell",0.004
"2516","süß",0.3616
"2517","symbiose",0.004
"2518","sympathie",0.004
"2519","sympathisch",0.4529
"2520","sympathisieren",0.004
"2521","systematisch",0.004
"2522","tabu",-0.0048
"2523","tadellos",0.309
"2524","tadeln",-0.3234
"2525","tadelnswert",-0.0048
"2526","tadelsfrei",0.004
"2527","talent",0.3352
"2528","talentiert",0.3218
"2529","tatenlos",-0.0048
"2530","tätig",0.004
"2531","tatkräftig",0.004
"2532","tauglich",0.004
"2533","täuschen",-0.6192
"2534","täuschung",-0.3445
"2535","terror",-0.0048
"2536","terrorisieren",-0.0048
"2537","terrorismus",-0.3553
"2538","teuer",-0.2716
"2539","teuerung",-0.322
"2540","teuerungsrate",-0.0048
"2541","teufelskreis",-0.479
"2542","teuflisch",-0.1677
"2543","tiefgreifend",0.004
"2544","tierisch",0.1135
"2545","tod",-0.0697
"2546","todesfall",-0.0048
"2547","todesstrafe",-0.0048
"2548","tödlich",-0.3487
"2549","tolerant",0.1984
"2550","toleranz",0.004
"2551","tolerieren",0.004
"2552","toll",0.5066
"2553","top",0.3186
"2554","toppen",0.004
"2555","torheit",-0.0048
"2556","töricht",-0.471
"2557","tot",-0.1683
"2558","totalitär",-0.0048
"2559","töten",-0.5203
"2560","totschlag",-0.0048
"2561","tradition",0.004
"2562","traditionell",0.004
"2563","traditionsreich",0.004
"2564","träge",-0.3272
"2565","tragfähig",0.004
"2566","trägheit",-0.1937
"2567","tragisch",-0.1847
"2568","tragödie",-0.0048
"2569","träne",-0.0562
"2570","transparent",0.004
"2571","trauer",-0.0048
"2572","trauern",-0.1945
"2573","trauma",-0.0048
"2574","traumatisch",-0.0048
"2575","traumatisieren",-0.0048
"2576","traumhaft",0.5665
"2577","traurig",-0.1266
"2578","traurigkeit",-0.0457
"2579","treffend",0.1023
"2580","trefflich",0.004
"2581","trennen",-0.5033
"2582","trennung",-0.5071
"2583","treu",0.3526
"2584","treue",0.2019
"2585","trist",-0.0424
"2586","tristesse",-0.0555
"2587","triumph",0.004
"2588","triumphal",0.004
"2589","triumphieren",0.004
"2590","trophäe",0.004
"2591","trost",0.0706
"2592","trösten",0.004
"2593","trostlos",-0.0467
"2594","trostlosigkeit",-0.0048
"2595","trott",-0.0048
"2596","trottelig",-0.0048
"2597","trotten",-0.0048
"2598","trotzen",-0.0048
"2599","trüb",-0.0048
"2600","trübsal",-0.189
"2601","trügerisch",-0.1874
"2602","trugschluss",-0.0048
"2603","trugschluß",-0.0048
"2604","turbulent",-0.0048
"2605","turbulenz",-0.0048
"2606","tyrannei",-0.3243
"2607","tyrannisch",-0.0048
"2608","übel",-0.4895
"2609","übellaunig",-0.0048
"2610","überdurchschnittlich",0.09
"2611","übereinkunft",0.004
"2612","übereinstimmung",0.004
"2613","überfallen",-0.3457
"2614","überfluß",0.004
"2615","überflüssig",-0.5154
"2616","überfluten",-0.0048
"2617","überfüllung",-0.0048
"2618","übergewicht",-0.2011
"2619","übergewichtig",-0.3215
"2620","überglücklich",0.004
"2621","übergroß",0.004
"2622","überhöhen",-0.0048
"2623","überhöhung",-0.0048
"2624","überholen",0.004
"2625","überlasten",-0.3413
"2626","überlastung",-0.0048
"2627","überleben",0.004
"2628","überlegen",0.004
"2629","überlegenheit",0.004
"2630","überlegt",0.004
"2631","überlegung",0.004
"2632","übermaß",-0.3337
"2633","übermäßig",-0.1844
"2634","übermenschlich",0.004
"2635","überparteilichkeit",0.004
"2636","überragend",0.004
"2637","überraschend",0.004
"2638","überrascht",0.2438
"2639","überrunden",0.004
"2640","überschaubar",0.004
"2641","überschaubarkeit",0.004
"2642","überschäumen",0.004
"2643","überschreiten",-0.0048
"2644","überschreitung",-0.0048
"2645","überschuß",-0.1924
"2646","überschwänglich",0.004
"2647","überschwänglichkeit",0.004
"2648","überschwemmen",-0.0048
"2649","überschwemmung",-0.0048
"2650","übersehen",-0.5128
"2651","übersichtlich",0.2253
"2652","übertreffen",0.004
"2653","übertreiben",-0.0372
"2654","übertreibung",-0.0424
"2655","übertreten",-0.329
"2656","übertrieben",-0.3203
"2657","überwältigen",-0.0048
"2658","überwältigend",0.3312
"2659","überwältigt",0.0578
"2660","überwinden",0.004
"2661","überzeugen",0.3396
"2662","überzeugend",0.4489
"2663","überzeugt",0.2381
"2664","überzeugung",0.004
"2665","ultimativ",0.004
"2666","umbruch",0.004
"2667","umfangreich",0.004
"2668","umfassend",0.004
"2669","umgänglich",0.2129
"2670","umgetauscht",-0.0048
"2671","umjubelt",0.004
"2672","umsichtig",0.0846
"2673","umsorgen",0.0863
"2674","umständlich",-0.3487
"2675","umstritten",-0.0048
"2676","umtausch",-0.343
"2677","umtauschen",-0.0048
"2678","umweltschädlich",-0.0048
"2679","umwerfend",0.1991
"2680","unabhängig",0.004
"2681","unabhängigkeit",0.004
"2682","unachtsam",-0.4488
"2683","unangefochten",0.004
"2684","unangemessen",-0.4883
"2685","unangenehm",-0.4691
"2686","unanständig",-0.0441
"2687","unantastbar",0.004
"2688","unattraktiv",-0.4656
"2689","unaufgefordert",-0.0048
"2690","unaufholbar",0.004
"2691","unaufhörlich",-0.0048
"2692","unaufrichtig",-0.3091
"2693","unbarmherzig",-0.3257
"2694","unbedacht",-0.051
"2695","unbedeutend",-0.6134
"2696","unbedingt",0.004
"2697","unbefriedigend",-0.3343
"2698","unbefriedigt",-0.319
"2699","unbefugt",-0.0048
"2700","unbegrenzt",0.004
"2701","unbegründet",-0.4923
"2702","unbehagen",-0.3291
"2703","unbehaglichkeit",-0.0048
"2704","unbeliebt",-0.3266
"2705","unbeliebtheit",-0.0048
"2706","unbequem",-0.0237
"2707","unbequemlichkeit",-0.0048
"2708","unberechtigt",-0.3393
"2709","unberührt",0.004
"2710","unbeschreiblich",0.1156
"2711","unbeschwert",0.3349
"2712","unbesiegbar",0.004
"2713","unbesiegbarkeit",0.004
"2714","unbestimmt",-0.3322
"2715","unbestimmtheit",-0.0537
"2716","unbestreitbar",0.004
"2717","unbestritten",0.004
"2718","unbewiesen",-0.3113
"2719","unbezahlbar",0.004
"2720","unbotmäßig",-0.0048
"2721","unbrauchbar",-0.4727
"2722","undankbar",-0.3156
"2723","undankbarkeit",-0.0048
"2724","undemokratisch",-0.3259
"2725","undiplomatisch",-0.0048
"2726","undiszipliniert",-0.0048
"2727","undurchführbar",-0.0048
"2728","undurchsichtig",-0.3279
"2729","unehrlich",-0.327
"2730","unehrlichkeit",-0.0048
"2731","uneingeschränkt",0.004
"2732","uneinholbar",0.004
"2733","uneinig",-0.0048
"2734","uneinigkeit",-0.3289
"2735","uneinsichtig",-0.0048
"2736","unerbittlich",-0.3318
"2737","unerbittlichkeit",-0.0048
"2738","unerfreulich",-0.0453
"2739","unerhört",-4e-04
"2740","unerklärlich",-0.0048
"2741","unerlaubt",-0.0048
"2742","unermesslich",0.004
"2743","unermeßlich",0.004
"2744","unermüdlich",0.004
"2745","unerquicklich",-0.0048
"2746","unerreicht",0.004
"2747","unerschrocken",0.004
"2748","unerschrockenheit",0.004
"2749","unersetzlich",0.004
"2750","unerträglich",-0.3454
"2751","unerträglichkeit",-0.0048
"2752","unerwartet",-0.0349
"2753","unerwiesen",-0.0048
"2754","unerwünscht",-0.3413
"2755","unfähig",-0.4787
"2756","unfähigkeit",-0.1896
"2757","unfair",-0.8827
"2758","unfall",-0.0048
"2759","unfehlbar",0.004
"2760","unfehlbarkeit",0.004
"2761","unfein",-0.0048
"2762","unfreiwillig",-0.3382
"2763","unfreundlich",-0.3407
"2764","unfreundlichkeit",-0.3085
"2765","unfug",-0.3394
"2766","ungeahnt",0.004
"2767","ungebeten",-0.0048
"2768","ungebrochen",0.004
"2769","ungebührlich",-0.0048
"2770","ungedeckt",-0.0048
"2771","ungeduld",-0.4655
"2772","ungeduldig",-0.0405
"2773","ungeeignet",-0.6394
"2774","ungeheuer",-0.0048
"2775","ungeheuerlich",-0.0048
"2776","ungehobelt",-0.0048
"2777","ungehorsam",-0.3176
"2778","ungehorsamkeit",-0.0048
"2779","ungeliebt",-0.4532
"2780","ungemütlich",-0.0313
"2781","ungenau",-0.497
"2782","ungenauigkeit",-0.0048
"2783","ungeordnet",-0.0048
"2784","ungerecht",-0.7844
"2785","ungerechtfertigt",-0.4701
"2786","ungerechtigkeit",-0.3419
"2787","ungeschicklichkeit",-0.3116
"2788","ungeschickt",-0.6087
"2789","ungeschminkt",-0.0048
"2790","ungesetzlich",-0.0048
"2791","ungesund",-0.1793
"2792","ungeteilt",0.004
"2793","ungeübt",-0.0048
"2794","ungewohnt",-0.0243
"2795","ungewollt",-0.4781
"2796","ungezogen",-0.3124
"2797","ungezwungen",0.004
"2798","unglaublich",0.3698
"2799","unglaubwürdig",-0.2007
"2800","unglaubwürdigkeit",-0.0048
"2801","ungleich",-0.0048
"2802","ungleichheit",-0.0048
"2803","unglück",-0.5004
"2804","unglücklich",-0.301
"2805","ungültig",-0.3485
"2806","ungünstig",-0.767
"2807","unheilbar",-0.0048
"2808","unheilbarkeit",-0.0048
"2809","unheilvoll",-0.0048
"2810","unhöflich",-0.0048
"2811","unhöflichkeit",-0.0048
"2812","uninformiert",-0.0048
"2813","universell",0.004
"2814","unklar",-0.5023
"2815","unklarheit",-0.0048
"2816","unklug",-0.4604
"2817","unkompliziert",0.0782
"2818","unkorrekt",-0.3247
"2819","unkritisch",-0.1934
"2820","unlauter",-0.0048
"2821","unliebsam",-0.0048
"2822","unlogisch",-0.4817
"2823","unmenschlich",-0.4724
"2824","unmenschlichkeit",-0.0048
"2825","unmöglich",-0.3559
"2826","unmoral",-0.3172
"2827","unmoralisch",-0.6224
"2828","unmut",-0.3394
"2829","unnötig",-0.9463
"2830","unnütz",-0.6073
"2831","unordnung",-0.3391
"2832","unparteiisch",0.004
"2833","unparteilichkeit",0.004
"2834","unpassend",-0.3261
"2835","unpersönlich",-0.0476
"2836","unpopulär",-0.0048
"2837","unpraktisch",-0.3182
"2838","unqualifiziert",-0.3153
"2839","unrecht",-0.5086
"2840","unredlich",-0.3248
"2841","unregelmäßig",-0.0048
"2842","unregelmäßigkeit",-0.0048
"2843","unrentabel",-0.0048
"2844","unrentabilität",-0.0048
"2845","unruhe",-0.201
"2846","unruhig",-0.0551
"2847","unrühmlich",-0.0048
"2848","unsachgemäß",-0.3271
"2849","unsäglich",-0.1834
"2850","unsauber",-0.4713
"2851","unscharf",-0.327
"2852","unschätzbar",0.004
"2853","unschlagbar",0.004
"2854","unschön",-0.4486
"2855","unschuld",0.004
"2856","unschuldig",0.004
"2857","unselig",-0.0048
"2858","unseriös",-0.3373
"2859","unsicher",-0.6268
"2860","unsicherheit",-0.358
"2861","unsinn",-0.4969
"2862","unsinnig",-0.3516
"2863","unsittlich",-0.0048
"2864","unsolid",-0.0048
"2865","unsolidarisch",-0.0048
"2866","unsozial",-0.4614
"2867","unsportlich",-0.32
"2868","unsterblich",0.004
"2869","unsterblichkeit",0.004
"2870","unstetig",-0.0048
"2871","unstetigkeit",-0.3075
"2872","unstimmigkeit",-0.0048
"2873","untauglich",-0.5944
"2874","unten",-0.3334
"2875","unterbelichten",-0.0426
"2876","unterbrechen",-0.0048
"2877","unterbrechung",-0.0048
"2878","unterdrücken",-0.4825
"2879","unterdrückung",-0.0048
"2880","unterentwickelt",-0.3245
"2881","untergang",-0.3498
"2882","untergehen",-0.0048
"2883","untergraben",-0.0048
"2884","unterirdisch",-0.4715
"2885","unterlassen",-0.3488
"2886","unterlassung",-0.0048
"2887","unterlaufen",-0.3438
"2888","unterliegen",-0.0048
"2889","unternehmerisch",0.004
"2890","unterstellen",-0.4961
"2891","unterstützen",0.004
"2892","unterstützung",0.004
"2893","unterwerfen",-0.3393
"2894","unterwerfung",-0.3279
"2895","unterwürfig",-0.0533
"2896","untragbar",-0.3247
"2897","untrennbar",0.004
"2898","untreu",-0.3222
"2899","untreue",-0.3293
"2900","untröstlich",-0.3139
"2901","unübersichtlich",-0.0501
"2902","unübertrefflich",0.078
"2903","unübertroffen",0.0753
"2904","unüblich",-0.3328
"2905","unumschränkt",0.004
"2906","unumstritten",0.004
"2907","ununterbrochen",0.004
"2908","unverantwortlich",-0.4889
"2909","unverantwortliche",-0.3242
"2910","unverantwortlichkeit",-0.3068
"2911","unverbesserlich",-0.4363
"2912","unvereinbar",-0.0048
"2913","unvereinbarkeit",-0.0048
"2914","unvergleichbar",0.0833
"2915","unvergleichlich",0.0967
"2916","unverhältnismäßig",-0.0048
"2917","unverhältnismäßigkeit",-0.0048
"2918","unverhofft",0.004
"2919","unverkrampft",0.004
"2920","unverlangt",-0.0048
"2921","unvermeidlich",-0.0048
"2922","unvernünftig",-0.3252
"2923","unverschämtheit",-0.0048
"2924","unverständlich",-0.6347
"2925","unverwundbar",0.004
"2926","unverwundbarkeit",0.004
"2927","unverzichtbar",0.004
"2928","unverzichtbarkeit",0.004
"2929","unvollkommen",-0.4772
"2930","unvollkommenheit",-0.0048
"2931","unvollständig",-0.4926
"2932","unvollständigkeit",-0.0048
"2933","unvorhergesehen",-0.3141
"2934","unwahr",-0.3424
"2935","unwahrheit",-0.466
"2936","unwichtig",-0.3433
"2937","unwiderstehlich",0.1874
"2938","unwiderstehlichkeit",0.004
"2939","unwillig",-0.4665
"2940","unwirksam",-0.0048
"2941","unwirksamkeit",-0.0048
"2942","unwirtlich",-0.0048
"2943","unwirtschaftlich",-0.0048
"2944","unwirtschaftlichkeit",-0.0048
"2945","unwissend",-0.326
"2946","unwissenheit",-0.4935
"2947","unwürdig",-0.7312
"2948","unzivilisiert",-0.4413
"2949","unzüchtig",-0.0048
"2950","unzufrieden",-0.3363
"2951","unzufriedenheit",-0.6324
"2952","unzulässig",-0.3554
"2953","unzumutbar",-0.34
"2954","unzumutbarkeit",-0.0048
"2955","unzurechnungsfähig",-0.0048
"2956","unzureichend",-0.5233
"2957","unzusammenhängend",-0.0048
"2958","unzuverlässig",-0.612
"2959","unzuverlässigkeit",-0.0048
"2960","unzweifelhaft",0.004
"2961","upgrade",0.004
"2962","upgraden",0.004
"2963","üppig",0.201
"2964","vage",-0.3406
"2965","vagheit",-0.0048
"2966","verabscheuungswürdig",-0.0048
"2967","verachten",-0.0048
"2968","verächtlich",-0.3245
"2969","verachtung",-0.3308
"2970","veraltet",-0.507
"2971","verängstigen",-0.056
"2972","verantwortlich",0.004
"2973","verantwortung",0.004
"2974","verantwortungsbewußt",0.004
"2975","verantwortungsvoll",0.004
"2976","verärgern",-0.1825
"2977","verarschen",-0.0048
"2978","verband",0.004
"2979","verbannen",-0.0048
"2980","verbannung",-0.0048
"2981","verbessern",0.004
"2982","verbesserung",0.004
"2983","verbeulen",-0.0327
"2984","verbieten",-0.629
"2985","verbinden",0.004
"2986","verbindlich",0.004
"2987","verbittert",-0.4659
"2988","verblassen",-0.0048
"2989","verblüffend",0.004
"2990","verbot",-0.0048
"2991","verboten",-0.3657
"2992","verbund",0.004
"2993","verbundenheit",0.004
"2994","verbündete",0.004
"2995","verdacht",-0.8074
"2996","verdächtige",-0.0048
"2997","verdammen",-0.6079
"2998","verdammt",-0.2925
"2999","verdecken",-0.0516
"3000","verderben",-0.0048
"3001","verderblich",-0.3131
"3002","verdienen",0.0989
"3003","verdienst",0.004
"3004","verdient",0.3612
"3005","verdorben",-0.1755
"3006","verdorbenheit",-0.0048
"3007","verdrängen",-0.3468
"3008","verdrängung",-0.0048
"3009","verdrießlich",-0.0048
"3010","verdunkeln",-0.0048
"3011","veredeln",0.004
"3012","veredelung",0.004
"3013","verehren",0.004
"3014","verehrt",0.004
"3015","verehrung",0.004
"3016","vereidigen",0.004
"3017","vereinbarung",0.004
"3018","vereinen",0.004
"3019","vereinfachen",0.004
"3020","vereinfachung",0.004
"3021","vereinigung",0.004
"3022","vereiteln",-0.0048
"3023","vererben",0.004
"3024","vererbung",0.004
"3025","verfall",-0.0048
"3026","verfallen",-0.4849
"3027","verfälschen",-0.3323
"3028","verfassungswidrig",-0.0048
"3029","verfehlen",-0.0373
"3030","verfehlung",-0.0048
"3031","verfeinern",0.004
"3032","verfeinerung",0.004
"3033","verfluchen",-0.3284
"3034","verführerisch",0.004
"3035","vergammelt",-0.0048
"3036","vergeben",0.004
"3037","vergeblich",-0.0048
"3038","vergebung",0.004
"3039","vergelten",-0.0048
"3040","vergeltung",-0.3369
"3041","vergeltungsmaßnahme",-0.0048
"3042","vergeuden",-0.1836
"3043","vergeudung",-0.0048
"3044","vergewaltigen",-0.0048
"3045","vergnügen",0.1838
"3046","vergolden",0.004
"3047","vergöttern",0.004
"3048","vergöttert",0.004
"3049","vergötterung",0.004
"3050","vergrößern",0.004
"3051","vergrößerung",0.004
"3052","verhandeln",0.004
"3053","verhandelung",0.004
"3054","verhängnis",-0.0048
"3055","verhängnisvoll",-0.333
"3056","verharmlosen",-0.049
"3057","verhasst",-0.0048
"3058","verheeren",-0.0048
"3059","verheerend",-0.478
"3060","verheißungsvoll",0.004
"3061","verherrlichen",-0.0048
"3062","verherrlichung",-0.0048
"3063","verhöhnen",-0.0048
"3064","verirren",-0.0498
"3065","veritabel",0.004
"3066","verkehrswidrig",-0.0048
"3067","verkleinern",-0.0048
"3068","verkleinerung",-0.0048
"3069","verkrüppeln",-0.0048
"3070","verlangsamen",-0.0048
"3071","verlangsamung",-0.0048
"3072","verlässlich",0.0854
"3073","verletzbar",-0.0048
"3074","verletzen",-0.3615
"3075","verletzlich",-0.0487
"3076","verletzt",-0.5202
"3077","verletzung",-0.5032
"3078","verleumden",-0.4473
"3079","verleumdung",-0.4792
"3080","verlieren",-0.393
"3081","verlierer",-0.3441
"3082","verlöbnis",0.004
"3083","verlobung",0.004
"3084","verlockend",0.004
"3085","verlogen",-0.3355
"3086","verlust",-0.5204
"3087","vermachen",0.004
"3088","vermehrt",0.004
"3089","vermeiden",-0.5265
"3090","vermeidung",-0.0048
"3091","vermindern",-0.0048
"3092","verminderung",-0.0048
"3093","vermitteln",0.0699
"3094","vermittlung",0.004
"3095","vernachlässigung",-0.328
"3096","vernichten",-0.4902
"3097","vernichtend",-0.0048
"3098","vernichtung",-0.4883
"3099","vernunft",0.004
"3100","vernünftig",0.3436
"3101","verrat",-0.0048
"3102","verraten",-0.2087
"3103","verräter",-0.3352
"3104","verräterisch",-0.311
"3105","verringern",-0.3537
"3106","verrucht",-0.1714
"3107","verrückt",-0.0337
"3108","verrückter",-0.0447
"3109","verrücktheit",-0.0048
"3110","versagen",-0.3517
"3111","versäumnis",-0.0048
"3112","verschimmelt",-0.0048
"3113","verschlechtern",-0.0048
"3114","verschlechterung",-0.4959
"3115","verschleppen",-0.0048
"3116","verschleudern",-0.0048
"3117","verschlingen",-4e-04
"3118","verschmutzen",-0.0048
"3119","verschmutzung",-0.3392
"3120","verschönern",0.004
"3121","verschönerung",0.004
"3122","verschwenden",-0.0494
"3123","verschwenderisch",-0.0048
"3124","verschwendung",-0.0048
"3125","verschwinden",-0.3588
"3126","verschwörung",-0.3355
"3127","versenken",-0.0048
"3128","versenkung",-0.0048
"3129","versichern",0.004
"3130","versicherung",0.004
"3131","versiert",0.004
"3132","versklaven",-0.3142
"3133","versklavt",-0.0048
"3134","versklavung",-0.0048
"3135","versöhnen",0.004
"3136","versöhnlich",0.004
"3137","versöhnung",0.004
"3138","verspätet",-0.4819
"3139","verspielen",-0.0048
"3140","versprechen",0.004
"3141","verstand",0.004
"3142","verständlich",0.0978
"3143","verständnis",0.004
"3144","verstärken",0.004
"3145","verstärkung",0.004
"3146","verstehen",0.0957
"3147","verstimmen",-0.0048
"3148","verstopfen",-0.0048
"3149","verstoß",-0.0048
"3150","verstoßen",-0.3521
"3151","verstricken",-0.0048
"3152","verstrickung",-0.0048
"3153","versuchung",-0.3463
"3154","verteidigen",0.004
"3155","verteidiger",0.004
"3156","verteidigung",0.004
"3157","vertrag",0.004
"3158","vertrauen",0.3512
"3159","vertrauenerweckend",0.004
"3160","vertrauensvoll",0.004
"3161","vertrauenswürdig",0.004
"3162","vertrauenswürdigkeit",0.004
"3163","vertraulich",0.004
"3164","vertraut",0.2266
"3165","vertrauter",0.004
"3166","vertrautheit",0.004
"3167","vertreiben",-0.3684
"3168","vertreibung",-0.0048
"3169","verurteilen",-0.77
"3170","verurteilung",-0.0048
"3171","verweigerung",-0.3441
"3172","verwelken",-0.0048
"3173","verwendbar",0.0859
"3174","verwendbarkeit",0.004
"3175","verwerflich",-0.7418
"3176","verwerfung",-0.3202
"3177","verwickeln",-0.0048
"3178","verwirklichen",0.004
"3179","verwirklichung",0.004
"3180","verwirren",-0.0474
"3181","verwirrung",-0.3323
"3182","verwöhnen",0.3571
"3183","verworren",-0.0048
"3184","verwunden",-0.3186
"3185","verwundung",-0.0048
"3186","verwüsten",-0.0048
"3187","verwüstung",-0.0048
"3188","verzeihen",0.004
"3189","verzerren",-0.0048
"3190","verzerrung",-0.0048
"3191","verzicht",-0.2022
"3192","verzichten",-0.0048
"3193","verzögern",-0.3409
"3194","verzögerung",-0.0048
"3195","verzückt",0.004
"3196","verzweifeln",-0.0048
"3197","verzweifelt",-0.1947
"3198","verzweiflung",-0.0048
"3199","verzwickt",-0.0403
"3200","vielfältig",0.004
"3201","vielseitig",0.0957
"3202","vielseitigkeit",0.004
"3203","vielversprechend",0.0849
"3204","vielzahl",0.004
"3205","visionär",0.004
"3206","vital",0.2122
"3207","vitalität",0.004
"3208","vollkommen",0.0945
"3209","vollständig",0.004
"3210","vollständigkeit",0.004
"3211","volltrunken",-0.0048
"3212","voranbringen",0.004
"3213","vorankommen",0.004
"3214","vorantreiben",0.004
"3215","vorbehaltlos",0.004
"3216","vorbereiten",0.1036
"3217","vorbereitung",0.004
"3218","vorbildlich",0.3188
"3219","vorhersehbar",-0.3414
"3220","vorsicht",0.004
"3221","vorsichtig",0.2313
"3222","vorsorge",0.004
"3223","vorsorgen",0.0878
"3224","vorsorglich",0.004
"3225","vorteil",0.004
"3226","vorteilhaft",0.004
"3227","vorurteil",-0.6261
"3228","vorwand",-0.0048
"3229","vorwärts",0.0961
"3230","vorwerfen",-0.3254
"3231","vorwurf",-0.5095
"3232","vorzeigbar",0.004
"3233","vorzeitig",-0.3462
"3234","vorzüglich",0.3223
"3235","vulgär",-0.3122
"3236","wachsam",0.0891
"3237","wachsamkeit",0.004
"3238","wachsen",0.3607
"3239","wachsend",0.004
"3240","wachstum",0.004
"3241","wackelig",-0.0048
"3242","wackeln",-0.0048
"3243","wagen",0.004
"3244","wahnsinn",-0.0048
"3245","wahnsinnig",-0.0048
"3246","wahr",0.2176
"3247","wahren",0.004
"3248","wahrheit",0.004
"3249","wankelmütig",-0.0048
"3250","warm",0.3796
"3251","wärme",0.004
"3252","wärmen",0.1956
"3253","warmherzig",0.1921
"3254","wärmstens",0.004
"3255","wegfallen",-0.0048
"3256","weglassen",-0.3362
"3257","wegweisend",0.004
"3258","wehklagend",-0.0048
"3259","weich",0.3591
"3260","weichheit",0.004
"3261","weinen",-0.1651
"3262","weise",0.2244
"3263","weisheit",0.004
"3264","weiterempfehlen",0.2101
"3265","weitgehend",0.004
"3266","weitläufig",0.1966
"3267","weiträumig",0.004
"3268","weitreichend",0.004
"3269","weitsichtig",0.004
"3270","weitsichtigkeit",0.004
"3271","welken",-0.0531
"3272","weltberühmt",0.004
"3273","wermutstropfen",-0.3356
"3274","wert",0.004
"3275","wertig",0.004
"3276","wertlos",-0.6264
"3277","wertlosigkeit",-0.0048
"3278","wertschätzen",0.004
"3279","wertschätzung",0.004
"3280","wertsteigerung",0.004
"3281","wertverlust",-0.0048
"3282","wertvoll",0.357
"3283","wettbewerbswidrig",-0.0048
"3284","wichtig",0.3822
"3285","wichtigtuer",-0.0048
"3286","wichtigtun",-0.0048
"3287","widerlegen",-0.3452
"3288","widernatürlich",-0.3064
"3289","widernatürlichkeit",-0.0048
"3290","widerruf",-0.0048
"3291","widerrufen",-0.0048
"3292","widersinnig",-0.3266
"3293","widerspenstig",-0.1789
"3294","widersprechen",-0.354
"3295","widerspruch",-0.3655
"3296","widersprüchlich",-0.2043
"3297","widerstandsfähig",0.0877
"3298","widerstandsfähigkeit",0.004
"3299","widerwärtig",-0.0048
"3300","widrig",-0.0048
"3301","widrigkeit",-0.0048
"3302","wiederaufleben",0.004
"3303","wiederbeleben",0.004
"3304","wiederbelebung",0.004
"3305","wiedergewinnen",0.004
"3306","wiedergutmachen",0.004
"3307","wiedergutmachung",0.004
"3308","wiederherstellen",0.004
"3309","wiederherstellung",0.004
"3310","wiederkehr",0.004
"3311","wiederkehren",0.004
"3312","wiedervereinigen",0.004
"3313","wiedervereinigung",0.004
"3314","wille",0.004
"3315","willensstark",0.004
"3316","willkommen",0.004
"3317","willkürlich",-0.3481
"3318","wirksam",0.004
"3319","wirksamkeit",0.004
"3320","wirkungslos",-0.0048
"3321","wirkungsvoll",0.004
"3322","wirr",-0.1841
"3323","wirtschaftlich",0.004
"3324","wirtschaftskrise",-0.0048
"3325","wissen",0.004
"3326","witz",0.004
"3327","witzig",0.4463
"3328","wohlbehalten",0.0883
"3329","wohlergehen",0.004
"3330","wohlgefallen",0.004
"3331","wohlgeordnet",0.004
"3332","wohlhabend",0.201
"3333","wohlig",0.32
"3334","wohlstand",0.004
"3335","wohltat",0.004
"3336","wohltäter",0.004
"3337","wohltätig",0.004
"3338","wohltätigkeit",0.004
"3339","wohltuend",0.2113
"3340","wohlwollen",0.004
"3341","wohlwollend",0.004
"3342","wohnlich",0.0885
"3343","wrack",-0.0048
"3344","wunde",-0.3396
"3345","wunder",0.0741
"3346","wunderbar",0.7234
"3347","wundersam",0.004
"3348","wunderschön",0.7048
"3349","wundervoll",0.308
"3350","wünschenswert",0.004
"3351","wunschgemäß",0.004
"3352","würdevoll",0.004
"3353","würdig",0.0801
"3354","würdigen",0.2056
"3355","würgen",-0.0048
"3356","wüste",-0.0048
"3357","wut",-0.4726
"3358","wüten",-0.0048
"3359","wütend",-0.3233
"3360","wutentbrannt",-0.3138
"3361","wutschäumend",-0.0048
"3362","zahlungsunfähig",-0.0048
"3363","zahlungsunfähigkeit",-0.0048
"3364","zappeln",-0.0048
"3365","zauberhaft",0.004
"3366","zaudern",-0.0048
"3367","zeitsparend",0.004
"3368","zeitverschwendung",-0.3223
"3369","zenit",0.004
"3370","zensieren",-0.315
"3371","zensur",-0.3468
"3372","zerbrechen",-0.0522
"3373","zerfressen",-0.0048
"3374","zerren",-0.0048
"3375","zerrissen",-0.4776
"3376","zerrung",-0.0048
"3377","zerschlagen",-0.0048
"3378","zerschlagung",-0.0048
"3379","zerschmettern",-0.0048
"3380","zerschunden",-0.0048
"3381","zersetzen",-0.0048
"3382","zersetzend",-0.0048
"3383","zerstören",-0.5131
"3384","zerstörerisch",-0.4715
"3385","zerstört",-0.503
"3386","zerstörung",-0.3578
"3387","zerstreuen",-0.0048
"3388","ziel",0.004
"3389","zielgerichtet",0.004
"3390","ziellos",-0.3305
"3391","ziellosigkeit",-0.0048
"3392","zielstrebig",0.1955
"3393","zittern",-0.0048
"3394","zivilisiert",0.004
"3395","zögern",-0.0048
"3396","zoll",-0.0048
"3397","zorn",-0.3537
"3398","zornig",-0.1853
"3399","züchtigen",-0.0048
"3400","zufließen",0.004
"3401","zuflucht",0.004
"3402","zufrieden",0.393
"3403","zufriedenheit",0.2207
"3404","zufriedenstellend",0.004
"3405","zufügen",0.004
"3406","zugabe",0.0882
"3407","zugänglich",0.004
"3408","zugänglichkeit",0.004
"3409","zugeben",0.004
"3410","zugreifen",0.004
"3411","zukunftsweisend",0.0859
"3412","zulage",0.004
"3413","zulässig",0.004
"3414","zulässigkeit",0.004
"3415","zulegen",0.0922
"3416","zumutung",-0.3286
"3417","zuneigung",0.004
"3418","zurückbleiben",-0.1831
"3419","zurückgeben",-0.0619
"3420","zurückgegeben",-0.3502
"3421","zurückgehen",-0.0048
"3422","zurückgeschickt",-0.3377
"3423","zurückgewinnen",0.004
"3424","zurückhalten",-0.0048
"3425","zurückschicken",-0.331
"3426","zusammenarbeit",0.0893
"3427","zusammenbrechen",-0.3317
"3428","zusammenbruch",-0.0048
"3429","zusammengehörigkeit",0.004
"3430","zusammenhalt",0.1947
"3431","zusammenhalten",0.0834
"3432","zusammenhanglos",-0.0048
"3433","zusammenrechen",-0.0048
"3434","zusammenschlagen",-0.0395
"3435","zusammenstoß",-0.3302
"3436","zusammenstoßen",-0.0048
"3437","zuschießen",0.004
"3438","zuschuß",0.004
"3439","zustimmen",0.004
"3440","zustimmung",0.004
"3441","zuverlässig",0.2052
"3442","zuverlässigkeit",0.004
"3443","zuversicht",0.0727
"3444","zuversichtlich",0.2179
"3445","zuvorkommend",0.6669
"3446","zwang",-0.0721
"3447","zwangslage",-0.0048
"3448","zwangsmaßnahme",-0.0048
"3449","zwecklos",-0.0048
"3450","zweideutig",-0.3174
"3451","zweifel",-0.0048
"3452","zweifelhaft",-0.3455
"3453","zweifellos",0.0839
"3454","zweifeln",-0.1935
"3455","zweitklassig",-0.1725
"3456","zwiespältig",-0.0048
"3457","zwietracht",-0.0048
"3458","zwieträchtig",-0.0048
"3459","zwingen",-0.4975
